"","SpectrumID","FeatureID","Compound_Name","name_compound","name_parent_compound","chemical_source","pharmacologic_class","therapeutic_area","therapeutic_indication"
"1","CCMSLIB00000004478",4246,"Emtricitabine","emtricitabine","emtricitabine","Medical","HIV nucleoside analog reverse transcriptase inhibitor (HIV NRTI)","infectious disease","human immunodeficiency virus (HIV-1)"
"2","CCMSLIB00000004482",4927,"Emtricitabine [homodimer]","emtricitabine","emtricitabine","Medical","HIV nucleoside analog reverse transcriptase inhibitor (HIV NRTI)","infectious disease","human immunodeficiency virus (HIV-1)"
"3","CCMSLIB00000004793",13148,"Maraviroc","maraviroc","maraviroc","Medical","CCR5 co-receptor antagonist","infectious disease","human immunodeficiency virus (HIV-1)"
"4","CCMSLIB00000005549",18209,"Irbesartan","irbesartan","irbesartan","Medical","angiotensin II receptor blocker","cardiology|nephrology","hypertension|congestive heart failure|chronic kidney disease|diabetic nephropaty"
"5","CCMSLIB00000005582",14193,"Topiramate","topiramate","topiramate","Medical","other antiepileptics","neurology/psychiatry","epilepsy|migraine headache|seizures"
"6","CCMSLIB00000005792",21195,"Valsartan","valsartan","valsartan","Medical","angiotensin II receptor blocker","cardiology|nephrology","hypertension|congestive heart failure|chronic kidney disease|diabetic nephropaty"
"7","CCMSLIB00000005795",21205,"Valsartan","valsartan","valsartan","Medical","angiotensin II receptor blocker","cardiology|nephrology","hypertension|congestive heart failure|chronic kidney disease|diabetic nephropaty"
"8","CCMSLIB00000006303",21600,"Ezetimibe","ezetimibe","ezetimibe","Medical","dietary cholesterol absorption inhibitor","endocrinology|metabolism|genetics","hyperlipidemia|hypercholesterolemia|sitosterolemia"
"9","CCMSLIB00000006523",18029,"Loratadine","loratadine","loratadine","Medical","histamine-1 (H1) inhibitor","allergy","allergic rhinitis|itching"
"10","CCMSLIB00000077086",21042,"Meclizine hydrochloride","meclizine","meclizine","Medical","antiemetic","gastroenterology|neurology/psychiatry","nausea|vomiting|motion sickness"
"11","CCMSLIB00000078096",14523,"Doxazosin mesylate","doxazosin","doxazosin","Medical","alpha adrenergic blocker","urology|cardiology","benign prostatic hyperplasia (BPH)|hypertension"
"12","CCMSLIB00000078132",12295,"Omeprazole (Prilosec)","omeprazole","omeprazole","Medical","proton pump inhibitor","gastroenterology","gastroesophageal reflux disease (GERD)|Zollinger-Ellison syndrome|peptic ulcer disease (PUD)"
"13","CCMSLIB00000078154",18067,"Atazanavir sulfate","atazanavir","atazanavir","Medical","HIV protease inhibitor","infectious disease","human immunodeficiency virus (HIV-1)"
"14","CCMSLIB00000078184",24077,"Febuxostat (Uloric)","febuxostat","febuxostat","Medical","xanthine oxidase inhibitor","rheumatology","hyperuricemia|gout"
"15","CCMSLIB00000078290",22691,"Rifaximin (Xifaxan)","rifaximin","rifaximin","Medical","rifamycin antibacterial","gastroenterology|infectious disease","diarrhea|irritable bowel syndrome|hepatic encephalopathy (HE)"
"16","CCMSLIB00000078380",13165,"Maraviroc","maraviroc","maraviroc","Medical","CCR5 co-receptor antagonist","infectious disease","human immunodeficiency virus (HIV-1)"
"17","CCMSLIB00000078381",13269,"Maraviroc","maraviroc","maraviroc","Medical","CCR5 co-receptor antagonist","infectious disease","human immunodeficiency virus (HIV-1)"
"18","CCMSLIB00000078385",22194,"Raltegravir (MK-0518)","raltegravir","raltegravir","Medical","HIV integrase strand transfer inhibitor (HIV INSTI)","infectious disease","human immunodeficiency virus (HIV-1)"
"19","CCMSLIB00000078385",18232,"Raltegravir (MK-0518)","raltegravir","raltegravir","Medical","HIV integrase strand transfer inhibitor (HIV INSTI)","infectious disease","human immunodeficiency virus (HIV-1)"
"20","CCMSLIB00000078454",17333,"BIBR-1048 (Dabigatran)","dabigatran","dabigatran","Medical","direct thrombin inhibitor","neurology/psychiatry|hematology|cardiology","stroke|systemic embolism|atrial fibrillation (AF)|deep vein thrombosis (DVT)|pulmonary embolism (PE)"
"21","CCMSLIB00000078554",19141,"Lurasidone HCl","lurasidone","lurasidone","Medical","atypical antipsychotic","neurology/psychiatry","schizophrenia"
"22","CCMSLIB00000078609",16833,"Fexofenadine HCl","fexofenadine","fexofenadine","Medical","histamine-1 (H1) inhibitor","allergy","allergic rhinitis|urticaria"
"23","CCMSLIB00000078630",17014,"Hydroxyzine 2HCl","hydroxyzine","hydroxyzine","Medical","histamine-1 (H1) inhibitor","neurology/psychiatry|allergy","anxiety|urticaria|itching"
"24","CCMSLIB00000078928",13311,"ZOLPIDEM TARTRATE","zolpidem","zolpidem","Medical","gamma-aminobutyric acid (GABA)-ergic agonist","neurology/psychiatry","insomnia"
"25","CCMSLIB00000078928",11843,"ZOLPIDEM TARTRATE","zolpidem","zolpidem","Medical","gamma-aminobutyric acid (GABA)-ergic agonist","neurology/psychiatry","insomnia"
"26","CCMSLIB00000079010",19084,"ARIPIPRAZOLE","aripiprazole","aripiprazole","Medical","atypical antipsychotic","neurology/psychiatry","depression|schizophrenia|bipolar disorder"
"27","CCMSLIB00000079130",21238,"VALSARTAN","valsartan","valsartan","Medical","angiotensin II receptor blocker","cardiology|nephrology","hypertension|congestive heart failure|chronic kidney disease|diabetic nephropaty"
"28","CCMSLIB00000079141",13418,"QUETIAPINE HEMIFUMARATE","quetiapine","quetiapine","Medical","atypical antipsychotic","neurology/psychiatry","schizophrenia|bipolar disorder"
"29","CCMSLIB00000079248",16007,"Amlodipine","amlodipine","amlodipine","Medical","dihydropyridine calcium channel blocker","cardiology","hypertension|chronic stable angina|vasospastic angina|coronary artery disease (CAD)"
"30","CCMSLIB00000079260",23663,"RITONAVIR","ritonavir","ritonavir","Medical","HIV protease inhibitor","infectious disease","human immunodeficiency virus (HIV-1)"
"31","CCMSLIB00000207350",10889,"Massbank:EA019009 Azithromycin|(2R,3S,4R,5R,8R,10R,11R,13S,14R)-11-[(2S,3R,4S,6R)-4-(dimethylamino)-3-hydroxy-6-methyloxan-2-yl]oxy-2-ethyl-3,4,10-trihydroxy-13-[(2R,4R,5S,6S)-5-hydroxy-4-methoxy-4,6-dimethyloxan-2-yl]","azithromycin","azithromycin","Medical","macrolide antimicrobial","infectious disease","pelvic inflammatory disease|pneumonia|urethritis|cervicitis|sinusitis"
"32","CCMSLIB00000207601",3521,"Massbank:EA023103 Iohexol|5-[acetyl(2,3-dihydroxypropyl)amino]-1-N,3-N-bis(2,3-dihydroxypropyl)-2,4,6-triiodobenzene-1,3-dicarboxamide","iohexol","iohexol","Medical","radiographic contrast agent","radiology","contrast agent"
"33","CCMSLIB00000207643",8594,"Massbank:EA023605 4-Acetamidoantipyrine|N-(1,5-dimethyl-3-oxidanylidene-2-phenyl-pyrazol-4-yl)ethanamide","4-acetamidoantipyrine","aminopyrine/metamizole","Drug metabolite","other analgesics and antipyretics","neurology/psychiatry","pain relief"
"34","CCMSLIB00000208641",10902,"Massbank:EA065710 Clindamycin|(2S,4R)-N-[2-chloranyl-1-[(2R,3R,4S,5R,6R)-6-methylsulfanyl-3,4,5-tris(oxidanyl)oxan-2-yl]propyl]-1-methyl-4-propyl-pyrrolidine-2-carboxamide","clindamycin","clindamycin","Medical","lincosamide antibacterial","infectious disease","respiratory tract infections|pneumonia|skin infections|gynecologic infections|intra-abdominal infections|bacterial septicemia|bone and joint infections"
"35","CCMSLIB00000210039",9206,"Massbank:EA265710 N,O-Didesmethylvenlafaxine|4-[1-(1-Hydroxycyclohexyl)-2-(methylamino)ethyl]phenol","n,o-didesmethylvenlafaxine","venlafaxine","Drug metabolite","serotonin and norepinephrine reuptake inhibitor (SNRI)","neurology/psychiatry","depression|generalized anxiety disorder (GAD)|panic disorders|social anxiety disorder"
"36","CCMSLIB00000210686",3138,"Massbank:EA274404 Morphine|(5alpha,6alpha)-17-Methyl-7,8-didehydro-4,5-epoxymorphinan-3,6-diol","morphine","morphine","Medical","opioid agonist","neurology/psychiatry","pain"
"37","CCMSLIB00000210721",7438,"Massbank:EA275807 Ephedrine|(1R,2S)-2-(methylamino)-1-phenyl-1-propanol","ephedrine","ephedrine","Medical","alpha adrenergic agonistbeta adrenergic agonistnorepinephrine-releasing agent","cardiology|pulmonary|otolaryngology","hypotension|bronchial asthma|nasal congestion"
"38","CCMSLIB00000211136",19337,"Massbank:EA280204 Rosuvastatin|(E,3R,5R)-7-[4-(4-fluorophenyl)-2-(methyl-methylsulfonylamino)-6-propan-2-ylpyrimidin-5-yl]-3,5-dihydroxyhept-6-enoic acid","rosuvastatin","rosuvastatin","Medical","HMG-CoA reductase inhibitor (statin)","endocrinology|cardiology|neurology/psychiatry","hypercholesterolemia|coronary heart disease|myocardial infarction|stroke|hyperlipidemia|atherosclerosis"
"39","CCMSLIB00000478608",8447,"DescladinoseAzithromycin","desosaminylazithromycin","azithromycin","Drug metabolite","macrolide antimicrobial","infectious disease","pelvic inflammatory disease|pneumonia|urethritis|cervicitis|sinusitis"
"40","CCMSLIB00000566861",6859,"MoNA:681420 Lyrica (TN)","pregabalin","pregabalin","Medical","gabapentinoids","neurology/psychiatry","neuropathic pain|seizures"
"41","CCMSLIB00000568526",7947,"MoNA:970853 Olanzapine","olanzapine","olanzapine","Medical","atypical antipsychotic","neurology/psychiatry","schizophrenia|bipolar disorder"
"42","CCMSLIB00000578762",9809,"MassbankEU:ET130005 OCP_197.0840_11.1|o-Chlorophenylpiperarzine|1-(3-chlorophenyl)piperazine","chlorophenylpiperazine","trazodone|nefazodone|etoperidone|enpiprazole|mepiprazole|cloperidone|peraclopone","Drug metabolite","no_match",NA,NA
"43","CCMSLIB00000579425",7545,"0331_Metformin","metformin","metformin","Medical","biguanide","endocrinology","type 2 diabetes mellitus"
"44","CCMSLIB00000841399",6358,"MassbankEU:ET300102 RAN-dm|Desmethyl Ranitidine|(E)-1-N-methyl-1-N`-[2-[[5-(methylaminomethyl)furan-2-yl]methylsulfanyl]ethyl]-2-nitroethene-1,1-diamine","desmethyl ranitidine","ranitidine","Drug metabolite","histamine-2 (H2) receptor antagonist","gastroenterology","heartburn|Zollinger-Ellison syndrome|duodenal ulcer|gastric ulcer|erosive esophagitis|gastroesophageal reflux disease (GERD)"
"45","CCMSLIB00000852210",28275,"NCGC00023509-16_C24H36O5_(1S,3R,7S,8S,8aR)-8-{2-[(2R,4R)-4-Hydroxy-6-oxotetrahydro-2H-pyran-2-yl]ethyl}-3,7-dimethyl-1,2,3,7,8,8a-hexahydro-1-naphthalenyl (2S)-2-methylbutanoate","lovastatin","lovastatin","Medical","HMG-CoA reductase inhibitor (statin)","endocrinology|cardiology|neurology/psychiatry","hypercholesterolemia|coronary heart disease|myocardial infarction|stroke|hyperlipidemia|atherosclerosis"
"46","CCMSLIB00001058840",27880,"Pesticide4_Piperonyl butoxide_C19H30O5_Butacide","piperonyl butoxide","piperonyl butoxide","Medical","no_match","infectious disease","lice"
"47","CCMSLIB00003061261",15692,"Losartan","losartan carboxylic acid","losartan","Drug metabolite","angiotensin II receptor blocker","cardiology|nephrology","hypertension|diabetic nephropathy"
"48","CCMSLIB00003061262",16183,"Losartan carboxaldehyde","losartan carboxaldehyde","losartan","Drug metabolite","angiotensin II receptor blocker","cardiology|nephrology","hypertension|diabetic nephropathy"
"49","CCMSLIB00003134635",10892,"Spectral Match to Azithromycin from NIST14","azithromycin","azithromycin","Medical","macrolide antimicrobial","infectious disease","pelvic inflammatory disease|pneumonia|urethritis|cervicitis|sinusitis"
"50","CCMSLIB00003134650",17986,"Spectral Match to Phenolphthalein from NIST14","phenolphthalein","phenolphthalein","Medical","no_match",NA,NA
"51","CCMSLIB00003135401",16529,"Spectral Match to Nortriptyline from NIST14","nortriptyline","nortriptyline","Medical","tricyclic antidepressant (TCA)","neurology/psychiatry","depression"
"52","CCMSLIB00003136054",23939,"Spectral Match to Benzyldodecyldimethylammonium from NIST14","benzalkonium","benzalkonium","Medical|Personal Care|Industrial","antiseptics and disinfectants",NA,"antiseptic"
"53","CCMSLIB00003136264",7911,"Spectral Match to Hydroxychloroquine from NIST14","hydroxychloroquine","hydroxychloroquine","Medical","antirheumatic|antimalarial","infectious disease|rheumatology","malaria|rheumatoid arthritis|lupus"
"54","CCMSLIB00003137094",15390,"Spectral Match to Carboxyibuprofen from NIST14","carboxyibuprofen","ibuprofen","Drug metabolite","nonsteroidal anti-inflammatory drug","neurology/psychiatry|rheumatology","headache|muscle pain|rheumatoid arthritis|backache|common cold|menstrual pain|fever|toothache"
"55","CCMSLIB00003137264",7457,"Spectral Match to Azithromycin from NIST14","azithromycin","azithromycin","Medical","macrolide antimicrobial","infectious disease","pelvic inflammatory disease|pneumonia|urethritis|cervicitis|sinusitis"
"56","CCMSLIB00003138718",28445,"Spectral Match to Eicosapentaenoic acid ethyl ester from NIST14","icosapent ethyl","icosapent ethyl","Medical","other lipid modifying agents","cardiology","hypertriglyceridemia"
"57","CCMSLIB00003138788",19394,"Spectral Match to Loperamide from NIST14","loperamide","loperamide","Medical","opioid agonist","gastroenterology","diarrhea"
"58","CCMSLIB00003139692",15717,"Spectral Match to Paroxetine from NIST14","paroxetine","paroxetine","Medical","selective serotonin reuptake inhibitor (SSRI)","neurology/psychiatry","depression|obsessive compulsive disorder (OCD)|generalized anxiety disorder (GAD)|panic disorders|posttraumatic stress disorder|social anxiety disorder"
"59","CCMSLIB00003139700",31250,"Spectral Match to Avobenzone from NIST14","avobenzone","avobenzone","Medical|Personal Care","no_match","dermatology","cosmetic|sunscreen lotion"
"60","CCMSLIB00003139798",23357,"Spectral Match to HEPC from NIST14","miltefosine","miltefosine","Medical","antileishmanial drug","infectious disease","leishmaniasis"
"61","CCMSLIB00004679246",14155,"Dextromethorphan","dextromethorphan","dextromethorphan","Medical","uncompetitive NMDA receptor antagonist|sigma-1 agonist","pulmonary","cough suppressant"
"62","CCMSLIB00004679248",10113,"Dextrorphan","levorphanol","dextromethorphan","Medical|Drug metabolite","opioid agonist|uncompetitive NMDA receptor antagonist|sigma-1 agonist","neurology/psychiatry|pulmonary","pain|cough suppressant"
"63","CCMSLIB00004679262",9867,"[putative] omeprazole sulfide 5-carboxylic acid","omeprazole sulfide 5-carboxylic acid","omeprazole","Drug metabolite","proton pump inhibitor","gastroenterology","gastroesophageal reflux disease (GERD)|Zollinger-Ellison syndrome|peptic ulcer disease (PUD)"
"64","CCMSLIB00004680092",12961,"Diphenhydramine-N-glucuronide","diphenhydramine-n-glucuronide","diphenhydramine","Drug metabolite","histamine-1 (H1) inhibitor","allergy","seasonal allergy|allergic rashes|urticaria"
"65","CCMSLIB00004693614",26279,"Lovastatin","lovastatin","lovastatin","Medical","HMG-CoA reductase inhibitor (statin)","endocrinology|cardiology|neurology/psychiatry","hypercholesterolemia|coronary heart disease|myocardial infarction|stroke|hyperlipidemia|atherosclerosis"
"66","CCMSLIB00004693620",26817,"Lovastatin","lovastatin","lovastatin","Medical","HMG-CoA reductase inhibitor (statin)","endocrinology|cardiology|neurology/psychiatry","hypercholesterolemia|coronary heart disease|myocardial infarction|stroke|hyperlipidemia|atherosclerosis"
"67","CCMSLIB00004693620",22056,"Lovastatin","lovastatin","lovastatin","Medical","HMG-CoA reductase inhibitor (statin)","endocrinology|cardiology|neurology/psychiatry","hypercholesterolemia|coronary heart disease|myocardial infarction|stroke|hyperlipidemia|atherosclerosis"
"68","CCMSLIB00004701966",18290,"silybin","silymarin","silymarin","Medical","liver therapy","gastroenterology","hepatic cirrhosis"
"69","CCMSLIB00004721671",36771,"ACARBOSE","acarbose","acarbose","Medical","alpha glucosidase inhibitor","endocrinology","type 2 diabetes mellitus"
"70","CCMSLIB00004722156",10589,"Norcocaine","norcocaine","cocaine","Drug metabolite","central nervous system stimulant","drug of abuse","psychostimulant"
"71","CCMSLIB00004722182",8337,"Methamphetamine","methamphetamine","methamphetamine","Medical","central nervous system stimulant","drug of abuse","psychostimulant"
"72","CCMSLIB00005434457",14000,"Sildenafil - Dark Web Drugs","sildenafil","sildenafil","Medical","phosphodiesterase-5 (PDE-5) inhibitor","urology|cardiology","erectile dysfunction|pulmonary arterial hypertension (PAH)"
"73","CCMSLIB00005435660",26705,"Simvastatin or Lovastatin related molecule observed in standard","simvastatin or lovastatin related molecule observed in standard","simvastatin","Drug metabolite","HMG-CoA reductase inhibitor (statin)","endocrinology|cardiology|neurology/psychiatry","hypercholesterolemia|coronary heart disease|myocardial infarction|stroke|hyperlipidemia|atherosclerosis"
"74","CCMSLIB00005435664",25603,"Lovastatin","lovastatin","lovastatin","Medical","HMG-CoA reductase inhibitor (statin)","endocrinology|cardiology|neurology/psychiatry","hypercholesterolemia|coronary heart disease|myocardial infarction|stroke|hyperlipidemia|atherosclerosis"
"75","CCMSLIB00005435742",24366,"Simvastatin ion source fragment","simvastatin ion source fragment","simvastatin","Drug metabolite","HMG-CoA reductase inhibitor (statin)","endocrinology|cardiology|neurology/psychiatry","hypercholesterolemia|coronary heart disease|myocardial infarction|stroke|hyperlipidemia|atherosclerosis"
"76","CCMSLIB00005435742",26494,"Simvastatin ion source fragment","simvastatin ion source fragment","simvastatin","Drug metabolite","HMG-CoA reductase inhibitor (statin)","endocrinology|cardiology|neurology/psychiatry","hypercholesterolemia|coronary heart disease|myocardial infarction|stroke|hyperlipidemia|atherosclerosis"
"77","CCMSLIB00005716875",11840,"N-desmethylclindamycin","n-desmethylclindamycin","clindamycin","Drug metabolite","lincosamide antibacterial","infectious disease","respiratory tract infections|pneumonia|skin infections|gynecologic infections|intra-abdominal infections|bacterial septicemia|bone and joint infections"
"78","CCMSLIB00005716877",7481,"Clindamycin N-oxide","clindamycin n-oxide","clindamycin","Drug metabolite","lincosamide antibacterial","infectious disease","respiratory tract infections|pneumonia|skin infections|gynecologic infections|intra-abdominal infections|bacterial septicemia|bone and joint infections"
"79","CCMSLIB00005716880",7200,"Clindamycin sulfoxide N-oxide","clindamycin sulfoxide n-oxide","clindamycin","Drug metabolite","lincosamide antibacterial","infectious disease","respiratory tract infections|pneumonia|skin infections|gynecologic infections|intra-abdominal infections|bacterial septicemia|bone and joint infections"
"80","CCMSLIB00005726409",1373,"Massbank:UF413001 Cotinine|(5S)-1-methyl-5-pyridin-3-ylpyrrolidin-2-one","cotinine","cotinine","Medical","no_match",NA,NA
"81","CCMSLIB00005731224",11717,"Massbank:EQ367803 Doxycycline|8-carbamoyl-10-(dimethylazaniumyl)-4,6a,7,11-tetrahydroxy-12-methyl-6,9-dioxo-10a,11,11a,12-tetrahydro-10H-tetracen-5-olate","doxycycline","doxycycline","Medical","tetracycline-class drug","infectious disease","gram-positive bacterial infections|gram-negative bacterial infections"
"82","CCMSLIB00005731683",9001,"Massbank:EQ371202 8-Hydroxy Mirtazapine|2-Methyl-1,2,3,4,10,14b-hexahydropyrazino[2,1-a]pyrido[2,3-c][2]benzazepin-8-ol","8-hydroxy mirtazapine","mirtazapine","Drug metabolite","other antidepressants","neurology/psychiatry","depression"
"83","CCMSLIB00005733719",12051,"Massbank:EQ328602 Pioglitazone|5-[[4-[2-(5-ethylpyridin-2-yl)ethoxy]phenyl]methyl]-1,3-thiazolidine-2,4-dione","pioglitazone","pioglitazone","Medical","peroxisome proliferator-activated receptor (PPAR) gamma agonist","endocrinology","type 2 diabetes mellitus"
"84","CCMSLIB00005734048",20602,"Massbank:EQ301602 Darunavir|N-[(1S,2R)-1-benzyl-2-hydroxy-3-[isobutyl(sulfanilyl)amino]propyl]carbamic acid [(3aS,4R,6aR)-2,3,3a,4,5,6a-hexahydrofuro[2,3-b]furan-4-yl] ester","darunavir","darunavir","Medical","HIV protease inhibitor","infectious disease","human immunodeficiency virus (HIV-1)"
"85","CCMSLIB00005734048",17888,"Massbank:EQ301602 Darunavir|N-[(1S,2R)-1-benzyl-2-hydroxy-3-[isobutyl(sulfanilyl)amino]propyl]carbamic acid [(3aS,4R,6aR)-2,3,3a,4,5,6a-hexahydrofuro[2,3-b]furan-4-yl] ester","darunavir","darunavir","Medical","HIV protease inhibitor","infectious disease","human immunodeficiency virus (HIV-1)"
"86","CCMSLIB00005736014",1057,"Massbank:EQ310503 Tenofovir|[(1R)-2-adenin-9-yl-1-methyl-ethoxy]methylphosphonic acid","tenofovir","tenofovir","Medical","HIV nucleoside analog reverse transcriptase inhibitor (HIV NRTI)|HBV nucleoside analog reverse transcriptase inhibitor (HBV-NRTI)","infectious disease","human immunodeficiency virus (HIV-1)|hepatitis B"
"87","CCMSLIB00005736746",26293,"Massbank:EQ362902 delta9-Tetrahydrocannabinol|delta9-THC|6,6,9-trimethyl-3-pentyl-6a,7,8,10a-tetrahydrobenzo[c]chromen-1-ol","dronabinol","dronabinol","Medical","cannabinoid","gastroenterology|neurology/psychiatry","anorexia|weight loss|nausea|vomiting"
"88","CCMSLIB00005736746",28750,"Massbank:EQ362902 delta9-Tetrahydrocannabinol|delta9-THC|6,6,9-trimethyl-3-pentyl-6a,7,8,10a-tetrahydrobenzo[c]chromen-1-ol","dronabinol","dronabinol","Medical","cannabinoid","gastroenterology|neurology/psychiatry","anorexia|weight loss|nausea|vomiting"
"89","CCMSLIB00005736746",30914,"Massbank:EQ362902 delta9-Tetrahydrocannabinol|delta9-THC|6,6,9-trimethyl-3-pentyl-6a,7,8,10a-tetrahydrobenzo[c]chromen-1-ol","dronabinol","dronabinol","Medical","cannabinoid","gastroenterology|neurology/psychiatry","anorexia|weight loss|nausea|vomiting"
"90","CCMSLIB00005755108",10423,"Massbank:TUE00822 O-desmethylvenlafaxine","desvenlafaxine","venlafaxine","Drug metabolite","serotonin and norepinephrine reuptake inhibitor (SNRI)","neurology/psychiatry","depression"
"91","CCMSLIB00005760254",19216,"Massbank:LU046702 Glipizide|N-[2-[4-(cyclohexylcarbamoylsulfamoyl)phenyl]ethyl]-5-methylpyrazine-2-carboxamide","glipizide","glipizide","Medical","sulfonylurea","endocrinology","type 2 diabetes mellitus"
"92","CCMSLIB00005762528",11974,"Massbank:LU132102 Bupropion|2-(tert-butylamino)-1-(3-chlorophenyl)propan-1-one","bupropion","bupropion","Medical","aminoketone","neurology/psychiatry","depression"
"93","CCMSLIB00005763885",2016,"Massbank:LU090303 Lamivudine|4-Amino-1-[(2S,5R)-2-(hydroxymethyl)-1,3-oxathiolan-5-yl]pyrimidin-2(1H)-one|4-amino-1-[(2S,5R)-2-(hydroxymethyl)-1,3-oxathiolan-5-yl]pyrimidin-2-one","lamivudine","lamivudine","Medical","HIV nucleoside analog reverse transcriptase inhibitor (HIV NRTI)|HBV nucleoside analog reverse transcriptase inhibitor (HBV-NRTI)","infectious disease","human immunodeficiency virus (HIV-1)|acquired immunodeficiency syndrome (AIDS)|hepatitis B"
"94","CCMSLIB00005763929",23488,"Massbank:LU037802 Amiodarone|(2-butyl-1-benzofuran-3-yl)-[4-[2-(diethylamino)ethoxy]-3,5-diiodophenyl]methanone","amiodarone","amiodarone","Medical","antiarrhythmic","cardiology","ventricular arrhythmias"
"95","CCMSLIB00005765037",20870,"Massbank:LU048702 Meloxicam|4-hydroxy-2-methyl-N-(5-methyl-1,3-thiazol-2-yl)-1,1-dioxo-1lambda6,2-benzothiazine-3-carboxamide","meloxicam","meloxicam","Medical","nonsteroidal anti-inflammatory drug","rheumatology|neurology/psychiatry","osteoarthritis|rheumatoid arthritis"
"96","CCMSLIB00005766368",12518,"Massbank:LU052002 Buspirone|8-[4-(4-pyrimidin-2-ylpiperazin-1-yl)butyl]-8-azaspiro[4.5]decane-7,9-dione","buspirone","buspirone","Medical","anxiolytics","neurology/psychiatry","generalized anxiety disorder (GAD)"
"97","CCMSLIB00005772126",11135,"Massbank:AU112002 Carbamazepine|benzo[b][1]benzazepine-11-carboxamide","carbamazepine","carbamazepine","Medical","mood stabilizer","neurology/psychiatry","seizures|trigeminal neuralgia"
"98","CCMSLIB00005772129",20574,"Massbank:AU234106 Bezafibrate|2-[4-[2-[(4-chlorobenzoyl)amino]ethyl]phenoxy]-2-methylpropanoic acid","bezafibrate","bezafibrate","Medical","fibrates|peroxisome proliferator-activated receptor (PPAR) alpha agonist","cardiology|endocrinology","hypertriglyceridemia|hypercholesterolemia|hyperlipidemia"
"99","CCMSLIB00005772670",10062,"Massbank:AU152806 Lamotrigine|6-(2,3-dichlorophenyl)-1,2,4-triazine-3,5-diamine","lamotrigine","lamotrigine","Medical","antiepileptic drug (AED)|mood stabilizer","neurology/psychiatry","epilepsy|bipolar disorder"
"100","CCMSLIB00005772798",13357,"Massbank:AU212102 Venlafaxine N-Oxide|SCHEMBL3276808|2-(1-hydroxycyclohexyl)-2-(4-methoxyphenyl)-N,N-dimethylethanamine oxide","venlafaxine n-oxide","venlafaxine","Drug metabolite","serotonin and norepinephrine reuptake inhibitor (SNRI)","neurology/psychiatry","depression|generalized anxiety disorder (GAD)|panic disorders|social anxiety disorder"
"101","CCMSLIB00005772827",15128,"Massbank:AU151306 Citalopram|1-[3-(dimethylamino)propyl]-1-(4-fluorophenyl)-3H-2-benzofuran-5-carbonitrile","citalopram","citalopram","Medical","selective serotonin reuptake inhibitor (SSRI)","neurology/psychiatry","depression"
"102","CCMSLIB00005772920",28986,"Massbank:AU271006 Fenofibrate|propan-2-yl 2-[4-(4-chlorobenzoyl)phenoxy]-2-methylpropanoate","fenofibrate","fenofibrate","Medical","fibrates|peroxisome proliferator-activated receptor (PPAR) alpha agonist","cardiology|endocrinology","hypertriglyceridemia|hypercholesterolemia|hyperlipidemia"
"103","CCMSLIB00005773092",13957,"Massbank:AU267102 Diphenhydramine|2-benzhydryloxy-N,N-dimethylethanamine","diphenhydramine","diphenhydramine","Medical","histamine-1 (H1) inhibitor","allergy","seasonal allergy|allergic rashes|urticaria"
"104","CCMSLIB00005773098",24412,"Massbank:AU235503 Glimepiride|4-ethyl-3-methyl-N-[2-[4-[(4-methylcyclohexyl)carbamoylsulfamoyl]phenyl]ethyl]-5-oxo-2H-pyrrole-1-carboxamide","glimepiride","glimepiride","Medical","sulfonylurea","endocrinology","type 2 diabetes mellitus"
"105","CCMSLIB00005773253",20991,"Massbank:AU270206 Finasteride|(1S,3aS,3bS,5aR,9aR,9bS,11aS)-N-tert-butyl-9a,11a-dimethyl-7-oxo-1,2,3,3a,3b,4,5,5a,6,9b,10,11-dodecahydroindeno[5,4-f]quinoline-1-carboxamide","finasteride","finasteride","Medical","5-alpha reductase inhibitor","dermatology|urology","male androgenetic alopecia|benign prostatic hyperplasia"
"106","CCMSLIB00005773276",5025,"Massbank:AU110002 Salbutamol|4-[2-(tert-butylamino)-1-hydroxyethyl]-2-(hydroxymethyl)phenol","salbutamol","salbutamol","Medical","beta-2 adrenergic agonist","pulmonary","asthma"
"107","CCMSLIB00005773820",19863,"Massbank:AU111202 Valsartan|(2S)-3-methyl-2-[pentanoyl-[[4-[2-(2H-tetrazol-5-yl)phenyl]phenyl]methyl]amino]butanoic acid","valsartan","valsartan","Medical","angiotensin II receptor blocker","cardiology|nephrology","hypertension|congestive heart failure|chronic kidney disease|diabetic nephropaty"
"108","CCMSLIB00005773879",19507,"Massbank:AU214834 Atazanavir|methyl N-[(2S)-1-[2-[(2S,3S)-2-hydroxy-3-[[(2S)-2-(methoxycarbonylamino)-3,3-dimethylbutanoyl]amino]-4-phenylbutyl]-2-[(4-pyridin-2-ylphenyl)methyl]hydrazinyl]-3,3-dimethyl-1-oxobutan-2-yl]","atazanavir","atazanavir","Medical","HIV protease inhibitor","infectious disease","human immunodeficiency virus (HIV-1)"
"109","CCMSLIB00005774145",23651,"Massbank:AU219234 Ritonavir|1,3-thiazol-5-ylmethyl N-[(2S,3S,5S)-3-hydroxy-5-[[(2S)-3-methyl-2-[[methyl-[(2-propan-2-yl-1,3-thiazol-4-yl)methyl]carbamoyl]amino]butanoyl]amino]-1,6-diphenylhexan-2-yl]carbamate","ritonavir","ritonavir","Medical","HIV protease inhibitor","infectious disease","human immunodeficiency virus (HIV-1)"
"110","CCMSLIB00005774333",13793,"Massbank:AU229002 Desacetyldiltiazem|(2S,3S)-5-[2-(dimethylamino)ethyl]-3-hydroxy-2-(4-methoxyphenyl)-2,3-dihydro-1,5-benzothiazepin-4-one","deacetyldiltiazem","diltiazem","Drug metabolite","nondihydropyridine calcium channel blocker","cardiology","hypertension|angina pectoris"
"111","CCMSLIB00005774372",11014,"Massbank:AU228206 10,11-Dihydro-10-Hydroxycarbazepine|Licarbazepine|5-hydroxy-5,6-dihydrobenzo[b][1]benzazepine-11-carboxamide","eslicarbazepine acetate","eslicarbazepine acetate","Medical","antiepileptic drug (AED)","neurology/psychiatry","seizures"
"112","CCMSLIB00005774496",16733,"Massbank:AU212403 Cetirizine|Levocetirizine|2-[2-[4-[(R)-(4-chlorophenyl)-phenylmethyl]piperazin-1-ium-1-yl]ethoxy]acetate","cetirizine","cetirizine","Medical","histamine-1 (H1) inhibitor","allergy","allergic rhinitis|urticaria"
"113","CCMSLIB00005774546",8106,"Massbank:AU274106 Hydroxychloroquine|2-[4-[(7-chloroquinolin-4-yl)amino]pentyl-ethylamino]ethanol","hydroxychloroquine","hydroxychloroquine","Medical","antirheumatic|antimalarial","infectious disease|rheumatology","malaria|rheumatoid arthritis|lupus"
"114","CCMSLIB00005774648",18168,"Massbank:AU228003 Losartan|[2-butyl-5-chloro-3-[[4-[2-(2H-tetrazol-5-yl)phenyl]phenyl]methyl]imidazol-4-yl]methanol","losartan","losartan","Medical","angiotensin II receptor blocker","cardiology|nephrology","hypertension|diabetic nephropathy"
"115","CCMSLIB00005774694",12853,"Massbank:AU225709 Sitagliptin|(3R)-3-amino-1-[3-(trifluoromethyl)-6,8-dihydro-5H-[1,2,4]triazolo[4,3-a]pyrazin-7-yl]-4-(2,4,5-trifluorophenyl)butan-1-one","sitagliptin","sitagliptin","Medical","dipeptidyl peptidase-4 (DPP-4) inhibitor","endocrinology","type 2 diabetes mellitus"
"116","CCMSLIB00005775046",22731,"Massbank:AU112904 Atorvastatin|atorvastatin|(3R,5R)-7-[2-(4-fluorophenyl)-3-phenyl-4-(phenylcarbamoyl)-5-propan-2-ylpyrrol-1-yl]-3,5-dihydroxyheptanoic acid","atorvastatin","atorvastatin","Medical","HMG-CoA reductase inhibitor (statin)","neurology/psychiatry|cardiology|endocrinology","hypercholesterolemia|coronary heart disease|myocardial infarction|stroke|hyperlipidemia|atherosclerosis"
"117","CCMSLIB00005775079",6952,"Massbank:AU160504 Levetiracetam|LEVITIRACETAM|(2R)-2-(2-oxopyrrolidin-1-yl)butanamide","levetiracetam","levetiracetam","Medical","other antiepileptics","neurology/psychiatry","seizures"
"118","CCMSLIB00005775435",8518,"Massbank:AU266602 Trimethoprim|5-[(3,4,5-trimethoxyphenyl)methyl]pyrimidine-2,4-diamine","trimethoprim","trimethoprim","Medical","dihydrofolate reductase inhibitor antibacterial","infectious disease","urinary tract infections|ear infections|gastrointestinal infections"
"119","CCMSLIB00005775898",17978,"Massbank:AU271206 Terbinafine|(E)-N,6,6-trimethyl-N-(naphthalen-1-ylmethyl)hept-2-en-4-yn-1-amine","terbinafine","terbinafine","Medical","allylamine antifungal","infectious disease","tinea pedis|tinea cruris|tinea corporis"
"120","CCMSLIB00005775931",8702,"Massbank:AU202506 Atenolol acid|Metoprolol acid|2-[4-[2-hydroxy-3-(propan-2-ylamino)propoxy]phenyl]acetic acid","metoprolol acid","atenolol|metoprolol","Drug metabolite","beta-adrenergic receptor inhibitor","cardiology","hypertension|angina pectoris|myocardial infarction"
"121","CCMSLIB00005775936",13169,"Massbank:AU236502 Torasemide|Torsemide|1-[4-(3-methylanilino)pyridin-3-yl]sulfonyl-3-propan-2-ylurea","torasemide","torasemide","Medical","loop diuretic","cardiology|nephrology","edema|hypertension|congestive heart failure|renal failure"
"122","CCMSLIB00005775952",21691,"Massbank:AU219204 Ritonavir|1,3-thiazol-5-ylmethyl N-[(2S,3S,5S)-3-hydroxy-5-[[(2S)-3-methyl-2-[[methyl-[(2-propan-2-yl-1,3-thiazol-4-yl)methyl]carbamoyl]amino]butanoyl]amino]-1,6-diphenylhexan-2-yl]carbamate","ritonavir","ritonavir","Medical","HIV protease inhibitor","infectious disease","human immunodeficiency virus (HIV-1)"
"123","CCMSLIB00005776004",7643,"Massbank:AU118003 Lincomycin|(2S,4R)-N-[(1R,2R)-2-hydroxy-1-[(2R,3R,4S,5R,6R)-3,4,5-trihydroxy-6-methylsulfanyloxan-2-yl]propyl]-1-methyl-4-propylpyrrolidine-2-carboxamide","lincomycin","lincomycin","Medical","lincosamide antibacterial","infectious disease","gram-positive bacterial infections"
"124","CCMSLIB00005776039",17554,"Massbank:AU150006 Sertraline|(1S,4S)-4-(3,4-dichlorophenyl)-N-methyl-1,2,3,4-tetrahydronaphthalen-1-amine","sertraline","sertraline","Medical","selective serotonin reuptake inhibitor (SSRI)","neurology/psychiatry","depression|obsessive compulsive disorder (OCD)|panic disorders|posttraumatic stress disorder|premenstrual syndrome|social anxiety disorder"
"125","CCMSLIB00005776039",20109,"Massbank:AU150006 Sertraline|(1S,4S)-4-(3,4-dichlorophenyl)-N-methyl-1,2,3,4-tetrahydronaphthalen-1-amine","sertraline","sertraline","Medical","selective serotonin reuptake inhibitor (SSRI)","neurology/psychiatry","depression|obsessive compulsive disorder (OCD)|panic disorders|posttraumatic stress disorder|premenstrual syndrome|social anxiety disorder"
"126","CCMSLIB00005776061",13086,"Massbank:AU227103 Trazodone|2-[3-[4-(3-chlorophenyl)piperazin-1-yl]propyl]-[1,2,4]triazolo[4,3-a]pyridin-3-one","trazodone","trazodone","Medical","selective serotonin reuptake inhibitor (SSRI)","neurology/psychiatry","depression"
"127","CCMSLIB00005776377",9253,"Massbank:AU103303 Ofloxacin|7-fluoro-2-methyl-6-(4-methylpiperazin-1-yl)-10-oxo-4-oxa-1-azatricyclo[7.3.1.05,13]trideca-5(13),6,8,11-tetraene-11-carboxylic acid","ofloxacin","ofloxacin","Medical","fluoroquinolone antimicrobial","infectious disease","pneumonia|sinusitis|bronchitis|skin infections|prostatitis|urinary tract infections|pyelonephritis|anthrax|plague|gram-negative bacterial infections|gram-positive bacterial infections"
"128","CCMSLIB00005776675",23392,"Massbank:AU235406 Glibenclamide|Glyburide|5-chloro-N-[2-[4-(cyclohexylcarbamoylsulfamoyl)phenyl]ethyl]-2-methoxybenzamide","glyburide","glyburide","Medical","sulfonylurea","endocrinology","type 2 diabetes mellitus"
"129","CCMSLIB00005776867",28747,"Massbank:AU274504 Montelukast|UCHDWCPVSPXUMX-UHFFFAOYSA-N|2-[1-[[1-[3-[2-(7-chloroquinolin-2-yl)ethenyl]phenyl]-3-[2-(2-hydroxypropan-2-yl)phenyl]propyl]sulfanylmethyl]cyclopropyl]acetic acid","montelukast","montelukast","Medical","leukotriene receptor antagonist (LTRA)","pulmonary|allergy","asthma|allergic rhinitis|exercise-induced bronchoconstriction (EIB)"
"130","CCMSLIB00005776875",16551,"Massbank:AU273502 Duloxetine|N-Methyl-gamma-(1-naphthalenyloxy)-2-thiophenepropanamine|N-methyl-3-naphthalen-1-yloxy-3-thiophen-2-ylpropan-1-amine","duloxetine","duloxetine","Medical","serotonin and norepinephrine reuptake inhibitor (SNRI)","neurology/psychiatry","depression|generalized anxiety disorder (GAD)|muscle pain|peripheral neuropathy"
"131","CCMSLIB00005777065",8861,"Massbank:AU270106 N-Formyl-4-aminoantipyrine|4-Formylaminoantipyrine|N-(1,5-dimethyl-3-oxo-2-phenylpyrazol-4-yl)formamide","4-formylaminoantipyrine","aminopyrine/metamizole","Drug metabolite","other analgesics and antipyretics","neurology/psychiatry","pain relief"
"132","CCMSLIB00005777092",18266,"Massbank:AU155703 Temazepam|7-chloro-3-hydroxy-1-methyl-5-phenyl-3H-1,4-benzodiazepin-2-one","temazepam","temazepam","Medical","benzodiazepine","neurology/psychiatry","insomnia"
"133","CCMSLIB00005777153",3732,"Massbank:AU277806 N-Methyl-2-pyrrolidone|1-Methyl-2-pyrrolidinone|1-methylpyrrolidin-2-one","methylpyrrolidone","methylpyrrolidone","Medical|Industrial","no_match",NA,NA
"134","CCMSLIB00005777168",18359,"Massbank:AU235002 Flutamide|2-methyl-N-[4-nitro-3-(trifluoromethyl)phenyl]propanamide","flutamide","flutamide","Medical","androgen receptor inhibitor","oncology","prostate cancer"
"135","CCMSLIB00005777171",21397,"Massbank:AU228402 Clopidogrel|methyl (2S)-2-(2-chlorophenyl)-2-(6,7-dihydro-4H-thieno[3,2-c]pyridin-5-yl)acetate","clopidogrel","clopidogrel","Medical","P2Y12 platelet inhibitor","cardiology|neurology/psychiatry","myocardial infarction|stroke|peripheral artery disease (PAD)|acute coronary syndrome (ACS)"
"136","CCMSLIB00005777219",13641,"Massbank:AU271806 Enalapril|(2S)-1-[(2S)-2-[[(2S)-1-ethoxy-1-oxo-4-phenylbutan-2-yl]amino]propanoyl]pyrrolidine-2-carboxylic acid","enalapril","enalapril","Medical","angiotensin converting enzyme inhibitor","cardiology|nephrology","hypertension|congestive heart failure|diabetic nephropathy|chronic kidney disease"
"137","CCMSLIB00005777221",17018,"Massbank:AU156603 Norsertraline|Desmethylsertraline|(1S,4S)-4-(3,4-dichlorophenyl)-1,2,3,4-tetrahydronaphthalen-1-amine","desmethylsertraline","sertraline","Drug metabolite","selective serotonin reuptake inhibitor (SSRI)","neurology/psychiatry","depression|obsessive compulsive disorder (OCD)|panic disorders|posttraumatic stress disorder|premenstrual syndrome|social anxiety disorder"
"138","CCMSLIB00006115380",21201,"enclomifene - 40.0 eV","clomifene","clomifene","Medical","estrogen agonist/antagonist","obstetrics/gynecology","infertility"
"139","CCMSLIB00006116522",13703,"nevirapine - 30.0 eV","nevirapine","nevirapine","Medical","HIV non-nucleoside reverse transcriptase inhibitor (HIV NNRTI)","infectious disease","human immunodeficiency virus (HIV-1)"
"140","CCMSLIB00006117068",16394,"Carvedilol - 40.0 eV","carvedilol","carvedilol","Medical","alpha adrenergic blocker|beta-adrenergic receptor inhibitor","cardiology","myocardial infarction|hypertension"
"141","CCMSLIB00006439446",7191,"Higenamine","higenamine","higenamine","Medical","no_match",NA,NA
"142","CCMSLIB00006678502",4744,"HYDROQUINONE","hydroquinone","hydroquinone","Medical","melanin synthesis inhibitor","dermatology","dyschromia"
"143","CCMSLIB00006678995",6165,"FAMOTIDINE","famotidine","famotidine","Medical","histamine-2 (H2) receptor antagonist","gastroenterology","heartburn|gastroesophageal reflux disease (GERD)|Zollinger-Ellison syndrome|gastric ulcers"
"144","CCMSLIB00006679371",7965,"METHYL NICOTINIC ACID","methyl nicotinate","methyl nicotinate","Medical","no_match","neurology/psychiatry","pain relief"
"145","CCMSLIB00006679441",13635,"PROPRANOLOL","propranolol","propranolol","Medical","beta-adrenergic receptor inhibitor","cardiology|neurology/psychiatry","hypertension|angina pectoris|migraine headache|essential tremor"
"146","CCMSLIB00006679797",14904,"DOXEPIN","doxepin","doxepin","Medical","tricyclic antidepressant (TCA)","neurology/psychiatry","depression|anxiety"
"147","CCMSLIB00006680029",6650,"RANITIDINE","ranitidine","ranitidine","Medical","histamine-2 (H2) receptor antagonist","gastroenterology","heartburn|Zollinger-Ellison syndrome|duodenal ulcer|gastric ulcer|erosive esophagitis|gastroesophageal reflux disease (GERD)"
"148","CCMSLIB00006680034",22798,"CANRENONE","canrenone","spironolactone","Medical|Drug metabolite","aldosterone antagonist","endocrinology|cardiology","hyperaldosteronism|congestive heart failure|edema|hypertension|hypokalemia"
"149","CCMSLIB00006680082",8194,"LISINOPRIL","lisinopril","lisinopril","Medical","angiotensin converting enzyme inhibitor","cardiology|nephrology","hypertension|congestive heart failure|diabetic nephropathy|chronic kidney disease"
"150","CCMSLIB00006684930",11068,"RANITIDINE","ranitidine","ranitidine","Medical","histamine-2 (H2) receptor antagonist","gastroenterology","heartburn|Zollinger-Ellison syndrome|duodenal ulcer|gastric ulcer|erosive esophagitis|gastroesophageal reflux disease (GERD)"
"151","CCMSLIB00010103605",9562,"Hydroquinidine CollisionEnergy:102040","hydroquinidine","hydroquinidine","Medical","antiarrhythmic","cardiology","cardiac arrythmia"
"152","CCMSLIB00010103983",9198,"Conquinine CollisionEnergy:102040","quinidine","quinidine","Medical","antimalarial|antiarrhythmic","infectious disease|cardiology","malaria|atrial fibrillation (AF)|ventricular arrhythmias"
"153","CCMSLIB00010106992",31658,"enoxolone CollisionEnergy:102040","enoxolone","enoxolone","Medical","no_match",NA,NA
"154","CCMSLIB00010130334",28530,"Acitretin","acitretin ","acitretin ","Medical","retinoid","dermatology","psoriasis"
"155","CCMSLIB00010130383",12983,"TAMSULOSIN","tamsulosin ","tamsulosin ","Medical","alpha adrenergic blocker","urology","benign prostatic hyperplasia (BPH)"
"156","CCMSLIB00010130536",11323,"venlafaxine","venlafaxine ","venlafaxine ","Medical","serotonin and norepinephrine reuptake inhibitor (SNRI)","neurology/psychiatry","depression|generalized anxiety disorder (GAD)|panic disorders|social anxiety disorder"
"157","CCMSLIB00010131150",17592,"oxybutynin","oxybutynin ","oxybutynin ","Medical","anticholinergic","urology","urinary incontinence"
"158","CCMSLIB00010131302",19599,"cinnarizine","cinnarizine ","cinnarizine ","Medical","antivertigo preparations","neurology/psychiatry|gastroenterology","Meniere's disease|nausea|vomiting|Cogan's syndrome"
"159","CCMSLIB00010131663",10004,"Radafaxine","hydroxybupropion","bupropion","Drug metabolite","no_match",NA,NA
"160","CCMSLIB00010132191",21710,"Ezetimibe","ezetimibe ","ezetimibe ","Medical","dietary cholesterol absorption inhibitor","endocrinology|metabolism|genetics","hyperlipidemia|hypercholesterolemia|sitosterolemia"
"161","CCMSLIB00010132982",18603,"VORTIOXETINE","vortioxetine ","vortioxetine ","Medical","other antidepressants","neurology/psychiatry","depression"
"162","CCMSLIB00010134277",3073,"Ganciclovir","ganciclovir ","ganciclovir ","Medical","nucleoside analog antiviral","infectious disease","cytomegalovirus (CMV)"
"163","CCMSLIB00010134701",14265,"163521-19-5","163521-19-5 ","163521-19-5 ","Medical","no_match","no_match","no_match"
"164","CCMSLIB00010135513",10647,"Quetiapine Sulfoxide","quetiapine sulfoxide ","quetiapine sulfoxide ","Medical","atypical antipsychotic","neurology/psychiatry","schizophrenia|bipolar disorder"
"165","CCMSLIB00010135575",21726,"Ticagrelor","ticagrelor ","ticagrelor ","Medical","P2Y12 platelet inhibitor","neurology/psychiatry|cardiology","acute coronary syndrome (ACS)|myocardial infarction|stroke"
"166","CCMSLIB00010135859",3787,"Valaciclovir","valaciclovir ","valaciclovir ","Medical","nucleoside analog HSV DNA polymerase inhibitor / VZV DNA polymerase inhibitor","infectious disease","shingles|virus herpes simplex (HSV)"
"167","CCMSLIB00010135996",9557,"Enalaprilat","enalaprilat ","enalaprilat ","Medical","angiotensin converting enzyme inhibitor","cardiology","hypertension"
"168","CCMSLIB00010136056",16806,"Dolutegravir","dolutegravir ","dolutegravir ","Medical","HIV integrase strand transfer inhibitor (HIV INSTI)","infectious disease","human immunodeficiency virus (HIV-1)"
"169","CCMSLIB00010136830",22191,"Sacubitril","sacubitril ","sacubitril ","Medical","neprilysin inhibitor","cardiology","congestive heart failure"
"170","CCMSLIB00010137426",13444,"TENOFOVIR ALAFENAMIDE","tenofovir alafenamide ","tenofovir alafenamide ","Medical","HIV nucleoside analog reverse transcriptase inhibitor (HIV NRTI)|HBV nucleoside analog reverse transcriptase inhibitor (HBV-NRTI)","infectious disease","human immunodeficiency virus (HIV-1)|hepatitis B"
"171","CCMSLIB00010137455",22716,"Rifaximin","rifaximin ","rifaximin ","Medical","rifamycin antibacterial","gastroenterology|infectious disease","diarrhea|irritable bowel syndrome|hepatic encephalopathy (HE)"
"172","CCMSLIB00010138294",38247,"Darunavir","darunavir ","darunavir ","Medical","HIV protease inhibitor","infectious disease","human immunodeficiency virus (HIV-1)"
"173","CCMSLIB00010139049",1951,"Acyclovir","acyclovir","acyclovir","Medical","nucleoside analog HSV DNA polymerase inhibitor / VZV DNA polymerase inhibitor","infectious disease","genitial herpes|shingles|chicken pox"
"174","CCMSLIB00010139511",10121,"metoprolol","metoprolol ","metoprolol ","Medical","beta-adrenergic receptor inhibitor","cardiology","hypertension|angina pectoris|myocardial infarction"
"175","CCMSLIB00010140921",18132,"Raltegravir","raltegravir ","raltegravir ","Medical","HIV integrase strand transfer inhibitor (HIV INSTI)","infectious disease","human immunodeficiency virus (HIV-1)"
"176","CCMSLIB00010142713",8270,"abacavir","abacavir ","abacavir ","Medical","HIV nucleoside analog reverse transcriptase inhibitor (HIV NRTI)","infectious disease","human immunodeficiency virus (HIV-1)"
"177","CCMSLIB00010142975",20069,"Canagliflozin","canagliflozin ","canagliflozin ","Medical","sodium-glucose co-transporter 2 (SGLT2) inhibitor","endocrinology","type 2 diabetes mellitus"
"178","CCMSLIB00010143180",9388,"quinidine","quinidine ","quinidine ","Medical","antimalarial|antiarrhythmic","infectious disease|cardiology","malaria|atrial fibrillation (AF)|ventricular arrhythmias"
"179","CCMSLIB00010144696",8342,"(R)-(+)-Atenolol","atenolol ","atenolol ","Medical","beta-adrenergic receptor inhibitor","cardiology","hypertension|angina pectoris|acute myocardial infarction"
"180","CCMSLIB00010145466",20028,"cilostazol","cilostazol ","cilostazol ","Medical","phosphodiesterase-3 inhibitor","cardiology","claudication"
"181","CCMSLIB00010145525",13726,"donepezil","donepezil ","donepezil ","Medical","acetylcholinesterase inhibitor","neurology/psychiatry","Alzheimer's disease"
"182","CCMSLIB00010145537",17334,"ethyl 3-[[2-[[4-(N'-hexoxycarbonylcarbamimidoyl)anilino]methyl]-1-methylbenzimidazole-5-carbonyl]-pyridin-2-ylamino]propanoate","ethyl 3-[[2-[[4-(n'-hexoxycarbonylcarbamimidoyl)anilino]methyl]-1-methylbenzimidazole-5-carbonyl]-pyridin-2-ylamino]propanoate ","ethyl 3-[[2-[[4-(n'-hexoxycarbonylcarbamimidoyl)anilino]methyl]-1-methylbenzimidazole-5-carbonyl]-pyridin-2-ylamino]propanoate ","Medical","direct thrombin inhibitor","neurology/psychiatry|hematology|cardiology","stroke|systemic embolism|atrial fibrillation (AF)|deep vein thrombosis (DVT)|pulmonary embolism (PE)"
"183","CCMSLIB00010147718",18438,"Icariin","icariin ","icariin ","Medical","no_match",NA,NA
"184","CCMSLIB00010149420",20265,"Cobicistat","cobicistat ","cobicistat ","Medical","CYP3A inhibitor","metabolism","atazanavir treatment|darunavir treatment"
"185","CCMSLIB00010150005",24774,"Elvitegravir","elvitegravir ","elvitegravir ","Medical","HIV integrase strand transfer inhibitor (HIV INSTI)","infectious disease","human immunodeficiency virus (HIV-1)"
"186","CCMSLIB00010150672",18976,"Tadalafil","tadalafil ","tadalafil ","Medical","phosphodiesterase-5 (PDE-5) inhibitor","urology","erectile dysfunction|benign prostatic hyperplasia|pulmonary arterial hypertension (PAH)"
"187","CCMSLIB00010151701",16247,"cyclobenzaprine","cyclobenzaprine ","cyclobenzaprine ","Medical","muscle relaxant","neurology/psychiatry","muscle spasms"
"188","CCMSLIB00010152341",16390,"Rilpivirine","rilpivirine ","rilpivirine ","Medical","HIV non-nucleoside reverse transcriptase inhibitor (HIV NNRTI)","infectious disease","human immunodeficiency virus (HIV-1)"
"189","CCMSLIB00010152484",10037,"terazosin","terazosin ","terazosin ","Medical","alpha adrenergic blocker","urology|cardiology","benign prostatic hyperplasia (BPH)|hypertension"
"190","CCMSLIB00010152484",11629,"terazosin","terazosin ","terazosin ","Medical","alpha adrenergic blocker","urology|cardiology","benign prostatic hyperplasia (BPH)|hypertension"
"191","CCMSLIB00010152491",16505,"Apixaban","apixaban ","apixaban ","Medical","factor Xa inhibitor","hematology|cardiology","stroke|systemic embolism|pulmonary embolism (PE)|atrial fibrillation (AF)|deep vein thrombosis (DVT)"
"192","CCMSLIB00010152607",751,"cycloleucine (Chimeric precursor selection)","cycloleucine (chimeric precursor selection) ","cycloleucine (chimeric precursor selection) ","Medical","no_match","no_match","no_match"
"193","CCMSLIB00012722477",479,"related spectra of '2-acetamido-2-deoxy-d-mannopyranose (Delta Mass:0.98)'","related spectra of '2-acetamido-2-deoxy-d-mannopyranose (delta mass:0.98)'","2-acetamido-2-deoxy-d-mannopyranose","Drug_analog","no_match",NA,NA
"194","CCMSLIB00012722737",29457,"""related spectra of '4-methylbenzylidene camphor (Delta Mass:-1.98)', 'enzacamene (Delta Mass:-1.98)'""","related spectra of '4-methylbenzylidene camphor (delta mass:-1.98)', 'enzacamene (delta mass:-1.98)'","enzacamene|4-methylbenzylidene camphor","Drug_analog","no_match","dermatology","sunscreen lotion"
"195","CCMSLIB00012722747",12020,"related spectra of 'lamotrigine (Delta Mass:0.98)'","related spectra of 'lamotrigine (delta mass:0.98)'","lamotrigine","Drug_analog","antiepileptic drug (AED)|mood stabilizer","neurology/psychiatry","epilepsy|bipolar disorder"
"196","CCMSLIB00012722760",7652,"related spectra of 'methocarbamol (Delta Mass:15.99)'","related spectra of 'methocarbamol (delta mass:15.99)'","methocarbamol","Drug_analog","muscle relaxant","neurology/psychiatry","acute musculoskeletal pain"
"197","CCMSLIB00012722804",14748,"related spectra of 'doxepin (Delta Mass:-14.02)'","related spectra of 'doxepin (delta mass:-14.02)'","doxepin","Drug_analog","tricyclic antidepressant (TCA)","neurology/psychiatry","depression|anxiety"
"198","CCMSLIB00012722835",21182,"""related spectra of 'dtxsid40891595 (Delta Mass:15.0)', 'dtxsid90891580 (Delta Mass:15.0)'""","related spectra of 'dtxsid40891595 (delta mass:15.0)', 'dtxsid90891580 (delta mass:15.0)'","massbankeu:et110604 npe_255.1491_11.6|pheniramine formamide|phe_255.1497_11.6|massbankeu:et110704 npe_255.1491_11.0|n-acetyl-n-didemethylpheniramine|n-(3-phenyl-3-pyridin-2-ylpropyl)acetamide","Drug_analog","substituted alkylamines","allergy","allergic rhinitis|urticaria"
"199","CCMSLIB00012722852",17159,"related spectra of 'desmethylsertraline (Delta Mass:-17.03)'","related spectra of 'desmethylsertraline (delta mass:-17.03)'","desmethylsertraline","Drug_analog","selective serotonin reuptake inhibitor (SSRI)","neurology/psychiatry","depression|obsessive compulsive disorder (OCD)|panic disorders|posttraumatic stress disorder|premenstrual syndrome|social anxiety disorder"
"200","CCMSLIB00012723052",11453,"related spectra of 'cyclobenzaprine (Delta Mass:18.01)'","related spectra of 'cyclobenzaprine (delta mass:18.01)'","cyclobenzaprine","Drug_analog","muscle relaxant","neurology/psychiatry","muscle spasms"
"201","CCMSLIB00012723201",22385,"related spectra of 'vildagliptin (Delta Mass:2.0)'","related spectra of 'vildagliptin (delta mass:2.0)'","vildagliptin","Drug_analog","dipeptidyl peptidase-4 (DPP-4) inhibitor","endocrinology","type 2 diabetes mellitus"
"202","CCMSLIB00012723273",6702,"related spectra of 'chloroquine (Delta Mass:-12.04)'","related spectra of 'chloroquine (delta mass:-12.04)'","chloroquine","Drug_analog","antimalarial","infectious disease","malaria|amebiasis"
"203","CCMSLIB00012723301",8088,"""related spectra of 'quinine (Delta Mass:-14.02)', 'quinidine (Delta Mass:-14.02)'""","related spectra of 'quinine (delta mass:-14.02)', 'quinidine (delta mass:-14.02)'","quinidine|quinine","Drug_analog","antimalarial|antiarrhythmic","infectious disease|cardiology","malaria|atrial fibrillation (AF)|ventricular arrhythmias"
"204","CCMSLIB00012723431",11161,"""related spectra of 'escitalopram (Delta Mass:1.98)', 'citalopram (Delta Mass:1.98)'""","related spectra of 'escitalopram (delta mass:1.98)', 'citalopram (delta mass:1.98)'","escitalopram|citalopram","Drug_analog","selective serotonin reuptake inhibitor (SSRI)","neurology/psychiatry","depression"
"205","CCMSLIB00012723450",24378,"related spectra of 'tadalafil (Delta Mass:-61.05)'","related spectra of 'tadalafil (delta mass:-61.05)'","tadalafil","Drug_analog","phosphodiesterase-5 (PDE-5) inhibitor","urology","erectile dysfunction|benign prostatic hyperplasia|pulmonary arterial hypertension (PAH)"
"206","CCMSLIB00012723486",14869,"related spectra of 'paroxetine (Delta Mass:2.02)'","related spectra of 'paroxetine (delta mass:2.02)'","paroxetine","Drug_analog","selective serotonin reuptake inhibitor (SSRI)","neurology/psychiatry","depression|obsessive compulsive disorder (OCD)|generalized anxiety disorder (GAD)|panic disorders|posttraumatic stress disorder|social anxiety disorder"
"207","CCMSLIB00012723509",17226,"related spectra of 'benzododecinium (Delta Mass:29.97)'","related spectra of 'benzododecinium (delta mass:29.97)'","benzododecinium","Drug_analog","no_match","no_match","no_match"
"208","CCMSLIB00012723527",19941,"related spectra of 'enoxolone (Delta Mass:-116.06)'","related spectra of 'enoxolone (delta mass:-116.06)'","enoxolone","Drug_analog","no_match",NA,NA
"209","CCMSLIB00012723599",11665,"""related spectra of 'donepezil (Delta Mass:-28.04)', 'donepezil (Delta Mass:-28.03)'""","related spectra of 'donepezil (delta mass:-28.04)', 'donepezil (delta mass:-28.03)'","donepezil","Drug_analog","acetylcholinesterase inhibitor","neurology/psychiatry","Alzheimer's disease"
"210","CCMSLIB00012723611",1674,"related spectra of 'famotidine (Delta Mass:15.99)'","related spectra of 'famotidine (delta mass:15.99)'","famotidine","Drug_analog","histamine-2 (H2) receptor antagonist","gastroenterology","heartburn|gastroesophageal reflux disease (GERD)|Zollinger-Ellison syndrome|gastric ulcers"
"211","CCMSLIB00012723624",19681,"related spectra of 'enoxolone (Delta Mass:-116.06)'","related spectra of 'enoxolone (delta mass:-116.06)'","enoxolone","Drug_analog","no_match",NA,NA
"212","CCMSLIB00012723687",19495,"""related spectra of 'meloxicam (Delta Mass:15.99)', 'meloxicam (Delta Mass:16.0)'""","related spectra of 'meloxicam (delta mass:15.99)', 'meloxicam (delta mass:16.0)'","meloxicam","Drug_analog","nonsteroidal anti-inflammatory drug","rheumatology|neurology/psychiatry","osteoarthritis|rheumatoid arthritis"
"213","CCMSLIB00012723688",14528,"related spectra of 'pantoprazole (Delta Mass:2.02)'","related spectra of 'pantoprazole (delta mass:2.02)'","pantoprazole","Drug_analog","proton pump inhibitor","gastroenterology","gastroesophageal reflux disease (GERD)|erosive esophagitis (EE)|Zollinger-Ellison syndrome"
"214","CCMSLIB00012723758",11617,"related spectra of 'pantoprazole (Delta Mass:18.01)'","related spectra of 'pantoprazole (delta mass:18.01)'","pantoprazole","Drug_analog","proton pump inhibitor","gastroenterology","gastroesophageal reflux disease (GERD)|erosive esophagitis (EE)|Zollinger-Ellison syndrome"
"215","CCMSLIB00012723785",14031,"""related spectra of '(s)-carvedilol (Delta Mass:-14.01)', 'carvedilol (Delta Mass:-14.01)', 'carvedilol (Delta Mass:-14.02)', '(r)-carvedilol (Delta Mass:-14.02)', '(r)-carvedilol (Delta Mass:-14.01)', '(s)-carvedilol (Delta Mass:-14.02)'""","related spectra of '(s)-carvedilol (delta mass:-14.01)', 'carvedilol (delta mass:-14.01)', 'carvedilol (delta mass:-14.02)', '(r)-carvedilol (delta mass:-14.02)', '(r)-carvedilol (delta mass:-14.01)', '(s)-carvedilol (delta mass:-14.02)'","carvedilol|carvedilol","Drug_analog","alpha adrenergic blocker|beta-adrenergic receptor inhibitor","cardiology","myocardial infarction|hypertension"
"216","CCMSLIB00012723792",11943,"related spectra of 'benazepril (Delta Mass:-28.03)'","related spectra of 'benazepril (delta mass:-28.03)'","benazepril","Drug_analog","angiotensin converting enzyme inhibitor","cardiology|nephrology","hypertension|congestive heart failure|myocardial infarction|diabetic nephropathy|chronic kidney disease"
"217","CCMSLIB00012723825",18277,"related spectra of 'losartan (Delta Mass:-18.01)'","related spectra of 'losartan (delta mass:-18.01)'","losartan","Drug_analog","angiotensin II receptor blocker","cardiology|nephrology","hypertension|diabetic nephropathy"
"218","CCMSLIB00012723855",11217,"related spectra of 'quetiapine sulfoxide (Delta Mass:13.98)'","related spectra of 'quetiapine sulfoxide (delta mass:13.98)'","quetiapine sulfoxide","Drug_analog","atypical antipsychotic","neurology/psychiatry","schizophrenia|bipolar disorder"
"219","CCMSLIB00012723875",15446,"""related spectra of '(r)-carvedilol (Delta Mass:16.0)', 'carvedilol (Delta Mass:16.0)', '(r)-carvedilol (Delta Mass:15.99)', '(s)-carvedilol (Delta Mass:16.0)', 'carvedilol (Delta Mass:15.99)', '(s)-carvedilol (Delta Mass:15.99)'""","related spectra of '(r)-carvedilol (delta mass:16.0)', 'carvedilol (delta mass:16.0)', '(r)-carvedilol (delta mass:15.99)', '(s)-carvedilol (delta mass:16.0)', 'carvedilol (delta mass:15.99)', '(s)-carvedilol (delta mass:15.99)'","carvedilol|carvedilol","Drug_analog","alpha adrenergic blocker|beta-adrenergic receptor inhibitor","cardiology","myocardial infarction|hypertension"
"220","CCMSLIB00012723887",18178,"related spectra of 'losartan (Delta Mass:2.0)'","related spectra of 'losartan (delta mass:2.0)'","losartan","Drug_analog","angiotensin II receptor blocker","cardiology|nephrology","hypertension|diabetic nephropathy"
"221","CCMSLIB00012723924",20001,"""related spectra of 'losartan (Delta Mass:13.98)', 'losartan (Delta Mass:31.99)'""","related spectra of 'losartan (delta mass:13.98)', 'losartan (delta mass:31.99)'","losartan","Drug_analog","angiotensin II receptor blocker","cardiology|nephrology","hypertension|diabetic nephropathy"
"222","CCMSLIB00012723928",13889,"""related spectra of 'losartan (Delta Mass:15.99)', 'losartan carboxaldehyde (Delta Mass:18.01)', 'losartan carboxylic acid (Delta Mass:2.02)', 'losartan (Delta Mass:16.0)', 'losartan carboxylic acid (Delta Mass:2.01)'""","related spectra of 'losartan (delta mass:15.99)', 'losartan carboxaldehyde (delta mass:18.01)', 'losartan carboxylic acid (delta mass:2.02)', 'losartan (delta mass:16.0)', 'losartan carboxylic acid (delta mass:2.01)'","losartan|losartan carboxylic acid|losartan carboxaldehyde","Drug_analog","angiotensin II receptor blocker","cardiology|nephrology","hypertension|diabetic nephropathy"
"223","CCMSLIB00012723930",17646,"""related spectra of 'losartan (Delta Mass:34.01)', 'losartan carboxylic acid (Delta Mass:2.0)', 'losartan (Delta Mass:15.99)', 'losartan carboxaldehyde (Delta Mass:18.01)', 'losartan carboxylic acid (Delta Mass:2.02)', 'losartan (Delta Mass:16.0)'""","related spectra of 'losartan (delta mass:34.01)', 'losartan carboxylic acid (delta mass:2.0)', 'losartan (delta mass:15.99)', 'losartan carboxaldehyde (delta mass:18.01)', 'losartan carboxylic acid (delta mass:2.02)', 'losartan (delta mass:16.0)'","losartan|losartan carboxylic acid|losartan carboxaldehyde","Drug_analog","angiotensin II receptor blocker","cardiology|nephrology","hypertension|diabetic nephropathy"
"224","CCMSLIB00012723970",13958,"related spectra of 'tasosartan (Delta Mass:29.98)'","related spectra of 'tasosartan (delta mass:29.98)'","tasosartan","Drug_analog","angiotensin II receptor blocker","cardiology","hypertension"
"225","CCMSLIB00012723970",16099,"related spectra of 'tasosartan (Delta Mass:29.98)'","related spectra of 'tasosartan (delta mass:29.98)'","tasosartan","Drug_analog","angiotensin II receptor blocker","cardiology","hypertension"
"226","CCMSLIB00012723973",10645,"related spectra of 'n-desmethylclindamycin sulfoxide (Delta Mass:15.99)'","related spectra of 'n-desmethylclindamycin sulfoxide (delta mass:15.99)'","n-desmethylclindamycin sulfoxide","Drug_analog","lincosamide antibacterial","infectious disease","respiratory tract infections|pneumonia|skin infections|gynecologic infections|intra-abdominal infections|bacterial septicemia|bone and joint infections"
"227","CCMSLIB00012723982",14681,"""related spectra of 'irbesartan (Delta Mass:15.99)', 'irbesartan (Delta Mass:16.0)'""","related spectra of 'irbesartan (delta mass:15.99)', 'irbesartan (delta mass:16.0)'","irbesartan","Drug_analog","angiotensin II receptor blocker","cardiology|nephrology","hypertension|congestive heart failure|chronic kidney disease|diabetic nephropaty"
"228","CCMSLIB00012723990",17499,"""related spectra of 'valsartan (Delta Mass:15.99)', 'valsartan (Delta Mass:16.0)'""","related spectra of 'valsartan (delta mass:15.99)', 'valsartan (delta mass:16.0)'","valsartan","Drug_analog","angiotensin II receptor blocker","cardiology|nephrology","hypertension|congestive heart failure|chronic kidney disease|diabetic nephropaty"
"229","CCMSLIB00012723996",16698,"""related spectra of 'rivaroxaban (Delta Mass:17.03)', '5-r-rivaroxaban (Delta Mass:17.03)'""","related spectra of 'rivaroxaban (delta mass:17.03)', '5-r-rivaroxaban (delta mass:17.03)'","rivaroxaban|5-r-rivaroxaban","Drug_analog","factor Xa inhibitor","hematology|cardiology|neurology/psychiatry","stroke|systemic embolism|atrial fibrillation (AF)|deep vein thrombosis (DVT)|pulmonary embolism (PE)"
"230","CCMSLIB00012723999",19939,"""related spectra of 'valsartan (Delta Mass:17.02)', 'valsartan (Delta Mass:17.03)'""","related spectra of 'valsartan (delta mass:17.02)', 'valsartan (delta mass:17.03)'","valsartan","Drug_analog","angiotensin II receptor blocker","cardiology|nephrology","hypertension|congestive heart failure|chronic kidney disease|diabetic nephropaty"
"231","CCMSLIB00012724066",14171,"related spectra of 'sildenafil (Delta Mass:-14.02)'","related spectra of 'sildenafil (delta mass:-14.02)'","sildenafil","Drug_analog","phosphodiesterase-5 (PDE-5) inhibitor","urology|cardiology","erectile dysfunction|pulmonary arterial hypertension (PAH)"
"232","CCMSLIB00012724069",17872,"related spectra of 'aripiprazole (Delta Mass:15.99)'","related spectra of 'aripiprazole (delta mass:15.99)'","aripiprazole","Drug_analog","atypical antipsychotic","neurology/psychiatry","depression|schizophrenia|bipolar disorder"
"233","CCMSLIB00012724078",12183,"""related spectra of 'doxazosin (Delta Mass:15.99)', 'doxazosin (Delta Mass:16.0)'""","related spectra of 'doxazosin (delta mass:15.99)', 'doxazosin (delta mass:16.0)'","doxazosin","Drug_analog","alpha adrenergic blocker","urology|cardiology","benign prostatic hyperplasia (BPH)|hypertension"
"234","CCMSLIB00012724157",21770,"related spectra of 'rosuvastatin (Delta Mass:14.02)'","related spectra of 'rosuvastatin (delta mass:14.02)'","rosuvastatin","Drug_analog","HMG-CoA reductase inhibitor (statin)","endocrinology|cardiology|neurology/psychiatry","hypercholesterolemia|coronary heart disease|myocardial infarction|stroke|hyperlipidemia|atherosclerosis"
"235","CCMSLIB00012724171",17748,"""related spectra of 'glyburide (Delta Mass:15.99)', 'glibenclamide (Delta Mass:15.99)', 'glyburide (Delta Mass:16.0)'""","related spectra of 'glyburide (delta mass:15.99)', 'glibenclamide (delta mass:15.99)', 'glyburide (delta mass:16.0)'","glyburide|glibenclamide","Drug_analog","sulfonylurea","endocrinology","type 2 diabetes mellitus"
"236","CCMSLIB00012724193",22328,"related spectra of 'darunavir (Delta Mass:14.02)'","related spectra of 'darunavir (delta mass:14.02)'","darunavir|darunavir","Drug_analog","HIV protease inhibitor","infectious disease","human immunodeficiency virus (HIV-1)"
"237","CCMSLIB00012724228",17794,"""related spectra of 'darunavir (Delta Mass:15.99)', 'darunavir (Delta Mass:16.0)'""","related spectra of 'darunavir (delta mass:15.99)', 'darunavir (delta mass:16.0)'","darunavir|darunavir","Drug_analog","HIV protease inhibitor","infectious disease","human immunodeficiency virus (HIV-1)"
"238","CCMSLIB00012724228",14386,"""related spectra of 'darunavir (Delta Mass:15.99)', 'darunavir (Delta Mass:16.0)'""","related spectra of 'darunavir (delta mass:15.99)', 'darunavir (delta mass:16.0)'","darunavir|darunavir","Drug_analog","HIV protease inhibitor","infectious disease","human immunodeficiency virus (HIV-1)"
"239","CCMSLIB00012724230",20600,"related spectra of 'darunavir (Delta Mass:17.03)'","related spectra of 'darunavir (delta mass:17.03)'","darunavir","Drug_analog","HIV protease inhibitor","infectious disease","human immunodeficiency virus (HIV-1)"
"240","CCMSLIB00012724230",38238,"related spectra of 'darunavir (Delta Mass:17.03)'","related spectra of 'darunavir (delta mass:17.03)'","darunavir","Drug_analog","HIV protease inhibitor","infectious disease","human immunodeficiency virus (HIV-1)"
"241","CCMSLIB00012724231",17497,"related spectra of 'darunavir (Delta Mass:20.03)'","related spectra of 'darunavir (delta mass:20.03)'","darunavir","Drug_analog","HIV protease inhibitor","infectious disease","human immunodeficiency virus (HIV-1)"
"242","CCMSLIB00012724235",25206,"related spectra of 'atorvastatin (Delta Mass:14.02)'","related spectra of 'atorvastatin (delta mass:14.02)'","atorvastatin","Drug_analog","HMG-CoA reductase inhibitor (statin)","neurology/psychiatry|cardiology|endocrinology","hypercholesterolemia|coronary heart disease|myocardial infarction|stroke|hyperlipidemia|atherosclerosis"
"243","CCMSLIB00012724239",22052,"related spectra of 'atorvastatin (Delta Mass:15.99)'","related spectra of 'atorvastatin (delta mass:15.99)'","atorvastatin","Drug_analog","HMG-CoA reductase inhibitor (statin)","neurology/psychiatry|cardiology|endocrinology","hypercholesterolemia|coronary heart disease|myocardial infarction|stroke|hyperlipidemia|atherosclerosis"
"244","CCMSLIB00012724263",10261,"""related spectra of 'desosaminylazithromycin (Delta Mass:14.97)', 'desosaminylazithromycin (Delta Mass:14.96)'""","related spectra of 'desosaminylazithromycin (delta mass:14.97)', 'desosaminylazithromycin (delta mass:14.96)'","desosaminylazithromycin","Drug_analog","macrolide antimicrobial","infectious disease","pelvic inflammatory disease|pneumonia|urethritis|cervicitis|sinusitis"
"245","CCMSLIB00012724284",31989,"related spectra of 'framycetin (Delta Mass:17.03)'","related spectra of 'framycetin (delta mass:17.03)'","framycetin","Drug_analog","aminoglycoside antibacterial","infectious disease","first-aid antibiotic|hepatic encephalopathy (HE)|intra-abdominal infections"
"246","CCMSLIB00012724321",23074,"""related spectra of 'ritonavir (Delta Mass:-15.98)', 'ritonavir (Delta Mass:-15.97)'""","related spectra of 'ritonavir (delta mass:-15.98)', 'ritonavir (delta mass:-15.97)'","ritonavir","Drug_analog","HIV protease inhibitor","infectious disease","human immunodeficiency virus (HIV-1)"
"247","CCMSLIB00012724323",23107,"""related spectra of 'erythromycin (Delta Mass:-4.0)', 'clarithromycin (Delta Mass:-36.02)'""","related spectra of 'erythromycin (delta mass:-4.0)', 'clarithromycin (delta mass:-36.02)'","clarithromycin|erythromycin","Drug_analog","macrolide antimicrobial","infectious disease","pharyngitis|tonsillitis|sinusitis|bronchitis|pneumonia|skin infections|otitis|listeria|respiratory tract infections|syphilis|amebiasis|pelvic inflammatory disease|chlamydia|diphtheria|erythrasma"
"248","CCMSLIB00012724323",15992,"""related spectra of 'erythromycin (Delta Mass:-4.0)', 'clarithromycin (Delta Mass:-36.02)'""","related spectra of 'erythromycin (delta mass:-4.0)', 'clarithromycin (delta mass:-36.02)'","clarithromycin|erythromycin","Drug_analog","macrolide antimicrobial","infectious disease","pharyngitis|tonsillitis|sinusitis|bronchitis|pneumonia|skin infections|otitis|listeria|respiratory tract infections|syphilis|amebiasis|pelvic inflammatory disease|chlamydia|diphtheria|erythrasma"
"249","CCMSLIB00012724332",19824,"related spectra of 'clarithromycin (Delta Mass:-20.03)'","related spectra of 'clarithromycin (delta mass:-20.03)'","clarithromycin","Drug_analog","macrolide antimicrobial","infectious disease","pharyngitis|tonsillitis|sinusitis|bronchitis|pneumonia|skin infections|otitis"
"250","CCMSLIB00012724341",15224,"related spectra of 'atazanavir (Delta Mass:31.99)'","related spectra of 'atazanavir (delta mass:31.99)'","atazanavir","Drug_analog","HIV protease inhibitor","infectious disease","human immunodeficiency virus (HIV-1)"
"251","CCMSLIB00012724344",19604,"""related spectra of 'erythromycin (Delta Mass:27.99)', 'clarithromycin (Delta Mass:-4.03)'""","related spectra of 'erythromycin (delta mass:27.99)', 'clarithromycin (delta mass:-4.03)'","clarithromycin|erythromycin","Drug_analog","macrolide antimicrobial","infectious disease","pharyngitis|tonsillitis|sinusitis|bronchitis|pneumonia|skin infections|otitis|listeria|respiratory tract infections|syphilis|amebiasis|pelvic inflammatory disease|chlamydia|diphtheria|erythrasma"
"252","CCMSLIB00012724378",16777,"related spectra of 'cobicistat (Delta Mass:15.99)'","related spectra of 'cobicistat (delta mass:15.99)'","cobicistat","Drug_analog","CYP3A inhibitor","metabolism","atazanavir treatment|darunavir treatment"
"253","CCMSLIB00012724389",26336,"related spectra of 'simvastatin (Delta Mass:-28.03)'","related spectra of 'simvastatin (delta mass:-28.03)'","simvastatin","Drug_analog","HMG-CoA reductase inhibitor (statin)","endocrinology|cardiology|neurology/psychiatry","hypercholesterolemia|coronary heart disease|myocardial infarction|stroke|hyperlipidemia|atherosclerosis"
"254","CCMSLIB00012724415",6582,"related spectra of 'abacavir (Delta Mass:31.99)'","related spectra of 'abacavir (delta mass:31.99)'","abacavir","Drug_analog","HIV nucleoside analog reverse transcriptase inhibitor (HIV NRTI)","infectious disease","human immunodeficiency virus (HIV-1)"
"255","CCMSLIB00012724416",3180,"related spectra of 'beta-cyclodextrin (Delta Mass:17.03)'","related spectra of 'beta-cyclodextrin (delta mass:17.03)'","beta-cyclodextrin","Drug_analog","no_match",NA,NA
"256","CCMSLIB00012724446",17509,"related spectra of '2573_Sertraline (Delta Mass:1.993)'","related spectra of '2573_sertraline (delta mass:1.993)'","sertraline","Drug_analog","selective serotonin reuptake inhibitor (SSRI)","neurology/psychiatry","depression|obsessive compulsive disorder (OCD)|panic disorders|posttraumatic stress disorder|premenstrual syndrome|social anxiety disorder"
"257","CCMSLIB00012724477",14007,"related spectra of 'ARIPIPRAZOLE (Delta Mass:-2.016)'","related spectra of 'aripiprazole (delta mass:-2.016)'","aripiprazole","Drug_analog","atypical antipsychotic","neurology/psychiatry","depression|schizophrenia|bipolar disorder"
"258","CCMSLIB00012724525",9155,"related spectra of 'Clindamycin N-oxide (Delta Mass:-14.016)'","related spectra of 'clindamycin n-oxide (delta mass:-14.016)'","clindamycin n-oxide","Drug_analog","lincosamide antibacterial","infectious disease","respiratory tract infections|pneumonia|skin infections|gynecologic infections|intra-abdominal infections|bacterial septicemia|bone and joint infections"
"259","CCMSLIB00012724529",9862,"related spectra of 'Clindamycin sulfoxide (Delta Mass:13.98)'","related spectra of 'clindamycin sulfoxide (delta mass:13.98)'","clindamycin sulfoxide","Drug_analog","lincosamide antibacterial","infectious disease","respiratory tract infections|pneumonia|skin infections|gynecologic infections|intra-abdominal infections|bacterial septicemia|bone and joint infections"
"260","CCMSLIB00012724537",17265,"related spectra of 'DIPHENOXYLATE (Delta Mass:-28.031)'","related spectra of 'diphenoxylate (delta mass:-28.031)'","diphenoxylate","Drug_analog","antidiarrheal","gastroenterology","diarrhea"
"261","CCMSLIB00012724539",20540,"related spectra of 'Darunavir (Delta Mass:-43.99)'","related spectra of 'darunavir (delta mass:-43.99)'","darunavir","Drug_analog","HIV protease inhibitor","infectious disease","human immunodeficiency virus (HIV-1)"
"262","CCMSLIB00012724540",19902,"related spectra of 'Darunavir (Delta Mass:-2.016)'","related spectra of 'darunavir (delta mass:-2.016)'","darunavir","Drug_analog","HIV protease inhibitor","infectious disease","human immunodeficiency virus (HIV-1)"
"263","CCMSLIB00012724540",17862,"related spectra of 'Darunavir (Delta Mass:-2.016)'","related spectra of 'darunavir (delta mass:-2.016)'","darunavir","Drug_analog","HIV protease inhibitor","infectious disease","human immunodeficiency virus (HIV-1)"
"264","CCMSLIB00012724543",15602,"related spectra of 'Darunavir (Delta Mass:162.053)'","related spectra of 'darunavir (delta mass:162.053)'","darunavir","Drug_analog","HIV protease inhibitor","infectious disease","human immunodeficiency virus (HIV-1)"
"265","CCMSLIB00012724558",10068,"related spectra of 'Desloratadine (Delta Mass:15.995)'","related spectra of 'desloratadine (delta mass:15.995)'","desloratadine|desloratadine","Drug_analog","histamine-1 (H1) inhibitor","allergy","allergic rhinitis|urticaria|pruritus"
"266","CCMSLIB00012724560",12294,"related spectra of 'Desvenlafaxine (Delta Mass:-3.995)'","related spectra of 'desvenlafaxine (delta mass:-3.995)'","desvenlafaxine","Drug_analog","serotonin and norepinephrine reuptake inhibitor (SNRI)","neurology/psychiatry","depression"
"267","CCMSLIB00012724566",13800,"related spectra of 'Diphenhydramine N-glucose (Delta Mass:-30.01)'","related spectra of 'diphenhydramine n-glucose (delta mass:-30.01)'","diphenhydramine n-glucose","Drug_analog","histamine-1 (H1) inhibitor","allergy","seasonal allergy|allergic rashes|urticaria"
"268","CCMSLIB00012724577",22467,"related spectra of 'EFAVIRENZ (Delta Mass:15.995)'","related spectra of 'efavirenz (delta mass:15.995)'","efavirenz","Drug_analog","HIV non-nucleoside reverse transcriptase inhibitor (HIV NNRTI)","infectious disease","human immunodeficiency virus (HIV-1)"
"269","CCMSLIB00012724582",25995,"related spectra of 'Elvitegravir (GS-9137) (Delta Mass:14.016)'","related spectra of 'elvitegravir (gs-9137) (delta mass:14.016)'","elvitegravir","Drug_analog","HIV integrase strand transfer inhibitor (HIV INSTI)","infectious disease","human immunodeficiency virus (HIV-1)"
"270","CCMSLIB00012724596",11388,"related spectra of 'EsomeprazoleNa (Delta Mass:-15.995)'","related spectra of 'esomeprazolena (delta mass:-15.995)'","esomeprazole","Drug_analog","proton pump inhibitor","gastroenterology","gastroesophageal reflux disease (GERD)|Zollinger-Ellison syndrome|peptic ulcer disease (PUD)"
"271","CCMSLIB00012724603",18001,"related spectra of 'Febuxostat (Delta Mass:15.995)'","related spectra of 'febuxostat (delta mass:15.995)'","febuxostat|febuxostat","Drug_analog","xanthine oxidase inhibitor","rheumatology","hyperuricemia|gout"
"272","CCMSLIB00012724628",16206,"related spectra of 'Hydroxyzine 2HCl (Delta Mass:-88.053)'","related spectra of 'hydroxyzine 2hcl (delta mass:-88.053)'","hydroxyzine","Drug_analog","histamine-1 (H1) inhibitor","neurology/psychiatry|allergy","anxiety|urticaria|itching"
"273","CCMSLIB00012724629",16003,"related spectra of 'Hydroxyzine 2HCl (Delta Mass:-44.026)'","related spectra of 'hydroxyzine 2hcl (delta mass:-44.026)'","hydroxyzine","Drug_analog","histamine-1 (H1) inhibitor","neurology/psychiatry|allergy","anxiety|urticaria|itching"
"274","CCMSLIB00012724636",15555,"related spectra of 'LEVOCETIRIZINE (Delta Mass:-44.026)'","related spectra of 'levocetirizine (delta mass:-44.026)'","levocetirizine","Drug_analog","histamine-1 (H1) inhibitor","allergy","allergic rhinitis|urticaria"
"275","CCMSLIB00012724655",13762,"related spectra of 'Losartan carboxylic acid [EXP3174] (Delta Mass:15.995)'","related spectra of 'losartan carboxylic acid [exp3174] (delta mass:15.995)'","losartan carboxylic acid","Drug_analog","angiotensin II receptor blocker","cardiology|nephrology","hypertension|diabetic nephropathy"
"276","CCMSLIB00012724663",12253,"related spectra of 'MLS001148257-01!(+)-CIS-DILTIAZEM HYDROCHLORIDE (Delta Mass:-28.031)'","related spectra of 'mls001148257-01!(+)-cis-diltiazem hydrochloride (delta mass:-28.031)'","diltiazem","Drug_analog","nondihydropyridine calcium channel blocker","cardiology","hypertension|angina pectoris"
"277","CCMSLIB00012724674",12353,"related spectra of 'MLS001401453-01!ZOLPIDEM TARTRATE (Delta Mass:15.995)'","related spectra of 'mls001401453-01!zolpidem tartrate (delta mass:15.995)'","zolpidem","Drug_analog","gamma-aminobutyric acid (GABA)-ergic agonist","neurology/psychiatry","insomnia"
"278","CCMSLIB00012724675",9404,"related spectra of 'MLS001401453-01!ZOLPIDEM TARTRATE (Delta Mass:29.974)'","related spectra of 'mls001401453-01!zolpidem tartrate (delta mass:29.974)'","zolpidem","Drug_analog","gamma-aminobutyric acid (GABA)-ergic agonist","neurology/psychiatry","insomnia"
"279","CCMSLIB00012724680",10183,"related spectra of 'Maraviroc (Delta Mass:15.995)'","related spectra of 'maraviroc (delta mass:15.995)'","maraviroc|maraviroc","Drug_analog","CCR5 co-receptor antagonist","infectious disease","human immunodeficiency virus (HIV-1)"
"280","CCMSLIB00012724681",13464,"related spectra of 'Maraviroc (Delta Mass:21.984)'","related spectra of 'maraviroc (delta mass:21.984)'","maraviroc|maraviroc","Drug_analog","CCR5 co-receptor antagonist","infectious disease","human immunodeficiency virus (HIV-1)"
"281","CCMSLIB00012724722",24267,"""related spectra of 'Massbank:AU112901 Atorvastatin|(3R,5R)-7-[2-(4-fluorophenyl)-3-phenyl-4-(phenylcarbamoyl)-5-propan-2-ylpyrrol-1-yl]-3,5-dihydroxyheptanoic acid (Delta Mass:-18.011)'""","related spectra of 'massbank:au112901 atorvastatin|(3r,5r)-7-[2-(4-fluorophenyl)-3-phenyl-4-(phenylcarbamoyl)-5-propan-2-ylpyrrol-1-yl]-3,5-dihydroxyheptanoic acid (delta mass:-18.011)'","atorvastatin","Drug_analog","HMG-CoA reductase inhibitor (statin)","neurology/psychiatry|cardiology|endocrinology","hypercholesterolemia|coronary heart disease|myocardial infarction|stroke|hyperlipidemia|atherosclerosis"
"282","CCMSLIB00012724723",22713,"""related spectra of 'Massbank:AU112901 Atorvastatin|(3R,5R)-7-[2-(4-fluorophenyl)-3-phenyl-4-(phenylcarbamoyl)-5-propan-2-ylpyrrol-1-yl]-3,5-dihydroxyheptanoic acid (Delta Mass:-2.016)'""","related spectra of 'massbank:au112901 atorvastatin|(3r,5r)-7-[2-(4-fluorophenyl)-3-phenyl-4-(phenylcarbamoyl)-5-propan-2-ylpyrrol-1-yl]-3,5-dihydroxyheptanoic acid (delta mass:-2.016)'","atorvastatin","Drug_analog","HMG-CoA reductase inhibitor (statin)","neurology/psychiatry|cardiology|endocrinology","hypercholesterolemia|coronary heart disease|myocardial infarction|stroke|hyperlipidemia|atherosclerosis"
"283","CCMSLIB00012724725",18327,"""related spectra of 'Massbank:AU112901 Atorvastatin|(3R,5R)-7-[2-(4-fluorophenyl)-3-phenyl-4-(phenylcarbamoyl)-5-propan-2-ylpyrrol-1-yl]-3,5-dihydroxyheptanoic acid (Delta Mass:15.995)'""","related spectra of 'massbank:au112901 atorvastatin|(3r,5r)-7-[2-(4-fluorophenyl)-3-phenyl-4-(phenylcarbamoyl)-5-propan-2-ylpyrrol-1-yl]-3,5-dihydroxyheptanoic acid (delta mass:15.995)'","atorvastatin","Drug_analog","HMG-CoA reductase inhibitor (statin)","neurology/psychiatry|cardiology|endocrinology","hypercholesterolemia|coronary heart disease|myocardial infarction|stroke|hyperlipidemia|atherosclerosis"
"284","CCMSLIB00012724729",19658,"related spectra of 'Massbank:AU117901 Rifaximin (Delta Mass:-42.01)'","related spectra of 'massbank:au117901 rifaximin (delta mass:-42.01)'","rifaximin","Drug_analog","rifamycin antibacterial","gastroenterology|infectious disease","diarrhea|irritable bowel syndrome|hepatic encephalopathy (HE)"
"285","CCMSLIB00012724733",16081,"""related spectra of 'Massbank:AU150002 Sertraline|(1S,4S)-4-(3,4-dichlorophenyl)-N-methyl-1,2,3,4-tetrahydronaphthalen-1-amine (Delta Mass:15.995)'""","related spectra of 'massbank:au150002 sertraline|(1s,4s)-4-(3,4-dichlorophenyl)-n-methyl-1,2,3,4-tetrahydronaphthalen-1-amine (delta mass:15.995)'","sertraline","Drug_analog","selective serotonin reuptake inhibitor (SSRI)","neurology/psychiatry","depression|obsessive compulsive disorder (OCD)|panic disorders|posttraumatic stress disorder|premenstrual syndrome|social anxiety disorder"
"286","CCMSLIB00012724777",12389,"""related spectra of 'Massbank:AU209410 Irbesartan|2-butyl-3-[[4-[2-(2H-tetrazol-5-yl)phenyl]phenyl]methyl]-1,3-diazaspiro[4.4]non-1-en-4-one (Delta Mass:31.99)'""","related spectra of 'massbank:au209410 irbesartan|2-butyl-3-[[4-[2-(2h-tetrazol-5-yl)phenyl]phenyl]methyl]-1,3-diazaspiro[4.4]non-1-en-4-one (delta mass:31.99)'","irbesartan","Drug_analog","angiotensin II receptor blocker","cardiology|nephrology","hypertension|congestive heart failure|chronic kidney disease|diabetic nephropaty"
"287","CCMSLIB00012724778",16724,"related spectra of 'Massbank:AU212403 Cetirizine|Levocetirizine|2-[2-[4-[(R)-(4-chlorophenyl)-phenylmethyl]piperazin-1-ium-1-yl]ethoxy]acetate (Delta Mass:2.004)'","related spectra of 'massbank:au212403 cetirizine|levocetirizine|2-[2-[4-[(r)-(4-chlorophenyl)-phenylmethyl]piperazin-1-ium-1-yl]ethoxy]acetate (delta mass:2.004)'","levocetirizine|cetirizine","Drug_analog","histamine-1 (H1) inhibitor","allergy","allergic rhinitis|urticaria"
"288","CCMSLIB00012724780",17291,"""related spectra of 'Massbank:AU214804 Atazanavir|methyl N-[(2S)-1-[2-[(2S,3S)-2-hydroxy-3-[[(2S)-2-(methoxycarbonylamino)-3,3-dimethylbutanoyl]amino]-4-phenylbutyl]-2-[(4-pyridin-2-ylphenyl)methyl]hydrazinyl]-3,3-dimethyl-1-oxobutan-2-yl] (Delta Mass:-15.995)'""","related spectra of 'massbank:au214804 atazanavir|methyl n-[(2s)-1-[2-[(2s,3s)-2-hydroxy-3-[[(2s)-2-(methoxycarbonylamino)-3,3-dimethylbutanoyl]amino]-4-phenylbutyl]-2-[(4-pyridin-2-ylphenyl)methyl]hydrazinyl]-3,3-dimethyl-1-oxobutan-2-yl] (delta mass:-15.995)'","atazanavir","Drug_analog","HIV protease inhibitor","infectious disease","human immunodeficiency virus (HIV-1)"
"289","CCMSLIB00012724782",20072,"""related spectra of 'Massbank:AU214804 Atazanavir|methyl N-[(2S)-1-[2-[(2S,3S)-2-hydroxy-3-[[(2S)-2-(methoxycarbonylamino)-3,3-dimethylbutanoyl]amino]-4-phenylbutyl]-2-[(4-pyridin-2-ylphenyl)methyl]hydrazinyl]-3,3-dimethyl-1-oxobutan-2-yl] (Delta Mass:-4.031)'""","related spectra of 'massbank:au214804 atazanavir|methyl n-[(2s)-1-[2-[(2s,3s)-2-hydroxy-3-[[(2s)-2-(methoxycarbonylamino)-3,3-dimethylbutanoyl]amino]-4-phenylbutyl]-2-[(4-pyridin-2-ylphenyl)methyl]hydrazinyl]-3,3-dimethyl-1-oxobutan-2-yl] (delta mass:-4.031)'","atazanavir","Drug_analog","HIV protease inhibitor","infectious disease","human immunodeficiency virus (HIV-1)"
"290","CCMSLIB00012724784",18138,"""related spectra of 'Massbank:AU214804 Atazanavir|methyl N-[(2S)-1-[2-[(2S,3S)-2-hydroxy-3-[[(2S)-2-(methoxycarbonylamino)-3,3-dimethylbutanoyl]amino]-4-phenylbutyl]-2-[(4-pyridin-2-ylphenyl)methyl]hydrazinyl]-3,3-dimethyl-1-oxobutan-2-yl] (Delta Mass:15.995)'""","related spectra of 'massbank:au214804 atazanavir|methyl n-[(2s)-1-[2-[(2s,3s)-2-hydroxy-3-[[(2s)-2-(methoxycarbonylamino)-3,3-dimethylbutanoyl]amino]-4-phenylbutyl]-2-[(4-pyridin-2-ylphenyl)methyl]hydrazinyl]-3,3-dimethyl-1-oxobutan-2-yl] (delta mass:15.995)'","atazanavir","Drug_analog","HIV protease inhibitor","infectious disease","human immunodeficiency virus (HIV-1)"
"291","CCMSLIB00012724788",19637,"""related spectra of 'Massbank:AU217909 Darunavir|[(3aS,4R,6aR)-2,3,3a,4,5,6a-hexahydrofuro[2,3-b]furan-4-yl] N-[(2S,3R)-4-[(4-aminophenyl)sulfonyl-(2-methylpropyl)amino]-3-hydroxy-1-phenylbutan-2-yl]carbamate (Delta Mass:15.995)'""","related spectra of 'massbank:au217909 darunavir|[(3as,4r,6ar)-2,3,3a,4,5,6a-hexahydrofuro[2,3-b]furan-4-yl] n-[(2s,3r)-4-[(4-aminophenyl)sulfonyl-(2-methylpropyl)amino]-3-hydroxy-1-phenylbutan-2-yl]carbamate (delta mass:15.995)'","darunavir","Drug_analog","HIV protease inhibitor","infectious disease","human immunodeficiency virus (HIV-1)"
"292","CCMSLIB00012724790",20191,"""related spectra of 'Massbank:AU219204 Ritonavir|1,3-thiazol-5-ylmethyl N-[(2S,3S,5S)-3-hydroxy-5-[[(2S)-3-methyl-2-[[methyl-[(2-propan-2-yl-1,3-thiazol-4-yl)methyl]carbamoyl]amino]butanoyl]amino]-1,6-diphenylhexan-2-yl]carbamate (Delta Mass:15.995)'""","related spectra of 'massbank:au219204 ritonavir|1,3-thiazol-5-ylmethyl n-[(2s,3s,5s)-3-hydroxy-5-[[(2s)-3-methyl-2-[[methyl-[(2-propan-2-yl-1,3-thiazol-4-yl)methyl]carbamoyl]amino]butanoyl]amino]-1,6-diphenylhexan-2-yl]carbamate (delta mass:15.995)'","ritonavir","Drug_analog","HIV protease inhibitor","infectious disease","human immunodeficiency virus (HIV-1)"
"293","CCMSLIB00012724800",13049,"""related spectra of 'Massbank:AU227106 Trazodone|2-[3-[4-(3-chlorophenyl)piperazin-1-yl]propyl]-[1,2,4]triazolo[4,3-a]pyridin-3-one (Delta Mass:2.999)'""","related spectra of 'massbank:au227106 trazodone|2-[3-[4-(3-chlorophenyl)piperazin-1-yl]propyl]-[1,2,4]triazolo[4,3-a]pyridin-3-one (delta mass:2.999)'","trazodone","Drug_analog","selective serotonin reuptake inhibitor (SSRI)","neurology/psychiatry","depression"
"294","CCMSLIB00012724801",9608,"""related spectra of 'Massbank:AU227106 Trazodone|2-[3-[4-(3-chlorophenyl)piperazin-1-yl]propyl]-[1,2,4]triazolo[4,3-a]pyridin-3-one (Delta Mass:15.995)'""","related spectra of 'massbank:au227106 trazodone|2-[3-[4-(3-chlorophenyl)piperazin-1-yl]propyl]-[1,2,4]triazolo[4,3-a]pyridin-3-one (delta mass:15.995)'","trazodone","Drug_analog","selective serotonin reuptake inhibitor (SSRI)","neurology/psychiatry","depression"
"295","CCMSLIB00012724801",11566,"""related spectra of 'Massbank:AU227106 Trazodone|2-[3-[4-(3-chlorophenyl)piperazin-1-yl]propyl]-[1,2,4]triazolo[4,3-a]pyridin-3-one (Delta Mass:15.995)'""","related spectra of 'massbank:au227106 trazodone|2-[3-[4-(3-chlorophenyl)piperazin-1-yl]propyl]-[1,2,4]triazolo[4,3-a]pyridin-3-one (delta mass:15.995)'","trazodone","Drug_analog","selective serotonin reuptake inhibitor (SSRI)","neurology/psychiatry","depression"
"296","CCMSLIB00012724802",10495,"""related spectra of 'Massbank:AU227106 Trazodone|2-[3-[4-(3-chlorophenyl)piperazin-1-yl]propyl]-[1,2,4]triazolo[4,3-a]pyridin-3-one (Delta Mass:34.005)'""","related spectra of 'massbank:au227106 trazodone|2-[3-[4-(3-chlorophenyl)piperazin-1-yl]propyl]-[1,2,4]triazolo[4,3-a]pyridin-3-one (delta mass:34.005)'","trazodone","Drug_analog","selective serotonin reuptake inhibitor (SSRI)","neurology/psychiatry","depression"
"297","CCMSLIB00012724813",13235,"""related spectra of 'Massbank:AU229006 Desacetyldiltiazem|(2S,3S)-5-[2-(dimethylamino)ethyl]-3-hydroxy-2-(4-methoxyphenyl)-2,3-dihydro-1,5-benzothiazepin-4-one (Delta Mass:-14.016)'""","related spectra of 'massbank:au229006 desacetyldiltiazem|(2s,3s)-5-[2-(dimethylamino)ethyl]-3-hydroxy-2-(4-methoxyphenyl)-2,3-dihydro-1,5-benzothiazepin-4-one (delta mass:-14.016)'","deacetyldiltiazem","Drug_analog","nondihydropyridine calcium channel blocker","cardiology","hypertension|angina pectoris"
"298","CCMSLIB00012724829",18110,"related spectra of 'Massbank:AU241506 Warfarin|4-hydroxy-3-(3-oxo-1-phenylbutyl)chromen-2-one (Delta Mass:15.995)'","related spectra of 'massbank:au241506 warfarin|4-hydroxy-3-(3-oxo-1-phenylbutyl)chromen-2-one (delta mass:15.995)'","warfarin","Drug_analog","vitamin K antagonist","hematology|cardiology","deep vein thrombosis (DVT)|pulmonary embolism (PE)|atrial fibrillation (AF)|myocardial infarction|thromboembolism"
"299","CCMSLIB00012724845",14219,"""related spectra of 'Massbank:AU267103 Diphenhydramine|2-benzhydryloxy-N,N-dimethylethanamine (Delta Mass:-14.016)'""","related spectra of 'massbank:au267103 diphenhydramine|2-benzhydryloxy-n,n-dimethylethanamine (delta mass:-14.016)'","diphenhydramine","Drug_analog","histamine-1 (H1) inhibitor","allergy","seasonal allergy|allergic rashes|urticaria"
"300","CCMSLIB00012724848",12733,"""related spectra of 'Massbank:AU267106 Diphenhydramine|2-benzhydryloxy-N,N-dimethylethanamine (Delta Mass:15.995)'""","related spectra of 'massbank:au267106 diphenhydramine|2-benzhydryloxy-n,n-dimethylethanamine (delta mass:15.995)'","diphenhydramine","Drug_analog","histamine-1 (H1) inhibitor","allergy","seasonal allergy|allergic rashes|urticaria"
"301","CCMSLIB00012724857",8692,"related spectra of 'Massbank:AU274106 Hydroxychloroquine|2-[4-[(7-chloroquinolin-4-yl)amino]pentyl-ethylamino]ethanol (Delta Mass:13.98)'","related spectra of 'massbank:au274106 hydroxychloroquine|2-[4-[(7-chloroquinolin-4-yl)amino]pentyl-ethylamino]ethanol (delta mass:13.98)'","hydroxychloroquine","Drug_analog","antirheumatic|antimalarial","infectious disease|rheumatology","malaria|rheumatoid arthritis|lupus"
"302","CCMSLIB00012724860",24800,"related spectra of 'Massbank:AU274504 Montelukast|UCHDWCPVSPXUMX-UHFFFAOYSA-N|2-[1-[[1-[3-[2-(7-chloroquinolin-2-yl)ethenyl]phenyl]-3-[2-(2-hydroxypropan-2-yl)phenyl]propyl]sulfanylmethyl]cyclopropyl]acetic acid (Delta Mass:15.995)'","related spectra of 'massbank:au274504 montelukast|uchdwcpvspxumx-uhfffaoysa-n|2-[1-[[1-[3-[2-(7-chloroquinolin-2-yl)ethenyl]phenyl]-3-[2-(2-hydroxypropan-2-yl)phenyl]propyl]sulfanylmethyl]cyclopropyl]acetic acid (delta mass:15.995)'","montelukast","Drug_analog","leukotriene receptor antagonist (LTRA)","pulmonary|allergy","asthma|allergic rhinitis|exercise-induced bronchoconstriction (EIB)"
"303","CCMSLIB00012724952",15290,"""related spectra of 'Massbank:EQ313701 Lansoprazole|2-[[3-methyl-4-(2,2,2-trifluoroethoxy)pyridin-2-yl]methylsulfinyl]-1H-benzimidazole (Delta Mass:-15.995)'""","related spectra of 'massbank:eq313701 lansoprazole|2-[[3-methyl-4-(2,2,2-trifluoroethoxy)pyridin-2-yl]methylsulfinyl]-1h-benzimidazole (delta mass:-15.995)'","lansoprazole","Drug_analog","proton pump inhibitor","gastroenterology","gastroesophageal reflux disease (GERD)|erosive esophagitis (EE)|gastrointestinal ulcers|Zollinger-Ellison syndrome"
"304","CCMSLIB00012725003",18571,"""related spectra of 'Massbank:LU037802 Amiodarone|(2-butyl-1-benzofuran-3-yl)-[4-[2-(diethylamino)ethoxy]-3,5-diiodophenyl]methanone (Delta Mass:29.974)'""","related spectra of 'massbank:lu037802 amiodarone|(2-butyl-1-benzofuran-3-yl)-[4-[2-(diethylamino)ethoxy]-3,5-diiodophenyl]methanone (delta mass:29.974)'","amiodarone","Drug_analog","antiarrhythmic","cardiology","ventricular arrhythmias"
"305","CCMSLIB00012725006",12747,"related spectra of 'Massbank:LU046702 Glipizide|N-[2-[4-(cyclohexylcarbamoylsulfamoyl)phenyl]ethyl]-5-methylpyrazine-2-carboxamide (Delta Mass:15.995)'","related spectra of 'massbank:lu046702 glipizide|n-[2-[4-(cyclohexylcarbamoylsulfamoyl)phenyl]ethyl]-5-methylpyrazine-2-carboxamide (delta mass:15.995)'","glipizide","Drug_analog","sulfonylurea","endocrinology","type 2 diabetes mellitus"
"306","CCMSLIB00012725044",16460,"related spectra of 'Massbank:UF411801 Citalopram|1-[3-(dimethylamino)propyl]-1-(4-fluorophenyl)-3H-2-benzofuran-5-carbonitrile (Delta Mass:-14.016)'","related spectra of 'massbank:uf411801 citalopram|1-[3-(dimethylamino)propyl]-1-(4-fluorophenyl)-3h-2-benzofuran-5-carbonitrile (delta mass:-14.016)'","citalopram","Drug_analog","selective serotonin reuptake inhibitor (SSRI)","neurology/psychiatry","depression"
"307","CCMSLIB00012725079",14524,"""related spectra of 'MassbankEU:SM859002 Acetyl-sulfamethoxazole|N-[4-[(5-methyl-1,2-oxazol-3-yl)sulfamoyl]phenyl]acetamide (Delta Mass:-14.016)'""","related spectra of 'massbankeu:sm859002 acetyl-sulfamethoxazole|n-[4-[(5-methyl-1,2-oxazol-3-yl)sulfamoyl]phenyl]acetamide (delta mass:-14.016)'","acetylsulfamethoxazole","Drug_analog","sulfonamide antimicrobial","infectious disease","pneumonia|enteritis|urinary tract infections"
"308","CCMSLIB00012725086",16159,"related spectra of 'Meloxicam (Mobic) (Delta Mass:15.995)'","related spectra of 'meloxicam (mobic) (delta mass:15.995)'","meloxicam","Drug_analog","nonsteroidal anti-inflammatory drug","rheumatology|neurology/psychiatry","osteoarthritis|rheumatoid arthritis"
"309","CCMSLIB00012725104",8895,"""related spectra of 'NCGC00015878-07!methyl 18-hydroxy-1,3,11,12,14,15,16,17,18,19,20,21-dodecahydroyohimban-19-carboxylate (Delta Mass:15.995)'""","related spectra of 'ncgc00015878-07!methyl 18-hydroxy-1,3,11,12,14,15,16,17,18,19,20,21-dodecahydroyohimban-19-carboxylate (delta mass:15.995)'","yohimbine","Drug_analog","drugs used in erectile dysfunction","urology","erectile dysfunction"
"310","CCMSLIB00012725126",8659,"""related spectra of 'Ondansetron aka """"9-methyl-3-[(2-methylimidazol-1-yl)methyl]-2,3-dihydro-1H-carbazol-4-one"""" (Delta Mass:15.995)'""","related spectra of 'ondansetron aka ""9-methyl-3-[(2-methylimidazol-1-yl)methyl]-2,3-dihydro-1h-carbazol-4-one"" (delta mass:15.995)'","ondansetron","Drug_analog","serotonin-3 (5-HT3) receptor antagonist","gastroenterology","nausea|vomiting"
"311","CCMSLIB00012725141",8657,"related spectra of 'QUETIAPINE HEMIFUMARATE (Delta Mass:15.995)'","related spectra of 'quetiapine hemifumarate (delta mass:15.995)'","quetiapine","Drug_analog","atypical antipsychotic","neurology/psychiatry","schizophrenia|bipolar disorder"
"312","CCMSLIB00012725143",9009,"related spectra of 'Quetiapine Sulfoxide (Delta Mass:-88.053)'","related spectra of 'quetiapine sulfoxide (delta mass:-88.053)'","quetiapine sulfoxide","Drug_analog","atypical antipsychotic","neurology/psychiatry","schizophrenia|bipolar disorder"
"313","CCMSLIB00012725144",12488,"related spectra of 'Quetiapine Sulfoxide (Delta Mass:-44.026)'","related spectra of 'quetiapine sulfoxide (delta mass:-44.026)'","quetiapine sulfoxide","Drug_analog","atypical antipsychotic","neurology/psychiatry","schizophrenia|bipolar disorder"
"314","CCMSLIB00012725145",10724,"related spectra of 'Quetiapine Sulfoxide (Delta Mass:-26.016)'","related spectra of 'quetiapine sulfoxide (delta mass:-26.016)'","quetiapine sulfoxide","Drug_analog","atypical antipsychotic","neurology/psychiatry","schizophrenia|bipolar disorder"
"315","CCMSLIB00012725147",9043,"related spectra of 'Quetiapine Sulfoxide (Delta Mass:15.995)'","related spectra of 'quetiapine sulfoxide (delta mass:15.995)'","quetiapine sulfoxide","Drug_analog","atypical antipsychotic","neurology/psychiatry","schizophrenia|bipolar disorder"
"316","CCMSLIB00012725149",14656,"related spectra of 'Quetiapine fumarate (Seroquel) (Delta Mass:-16.031)'","related spectra of 'quetiapine fumarate (seroquel) (delta mass:-16.031)'","quetiapine","Drug_analog","atypical antipsychotic","neurology/psychiatry","schizophrenia|bipolar disorder"
"317","CCMSLIB00012725167",18287,"related spectra of 'Ritonavir (Delta Mass:31.99)'","related spectra of 'ritonavir (delta mass:31.99)'","ritonavir","Drug_analog","HIV protease inhibitor","infectious disease","human immunodeficiency virus (HIV-1)"
"318","CCMSLIB00012725186",19476,"related spectra of 'Spectral Match to 1-Hexadecylpyridinium from NIST14 (Delta Mass:29.974)'","related spectra of 'spectral match to 1-hexadecylpyridinium from nist14 (delta mass:29.974)'","cetylpyridinium","Drug_analog","antiseptics and disinfectants","dental","gingivitis|mouth inflammation"
"319","CCMSLIB00012725204",14407,"related spectra of 'Spectral Match to Benzyldodecyldimethylammonium from NIST14 (Delta Mass:1.943)'","related spectra of 'spectral match to benzyldodecyldimethylammonium from nist14 (delta mass:1.943)'","benzalkonium","Drug_analog","antiseptics and disinfectants",NA,"antiseptic"
"320","CCMSLIB00012725241",19366,"related spectra of 'Spectral Match to Erythromycin from NIST14 (Delta Mass:61.053)'","related spectra of 'spectral match to erythromycin from nist14 (delta mass:61.053)'","erythromycin","Drug_analog","macrolide antimicrobial","infectious disease","listeria|respiratory tract infections|skin infections|syphilis|amebiasis|pelvic inflammatory disease|chlamydia|diphtheria|erythrasma"
"321","CCMSLIB00012725252",17830,"related spectra of 'Spectral Match to Loperamide from NIST14 (Delta Mass:-14.016)'","related spectra of 'spectral match to loperamide from nist14 (delta mass:-14.016)'","loperamide","Drug_analog","opioid agonist","gastroenterology","diarrhea"
"322","CCMSLIB00012725255",17555,"related spectra of 'Spectral Match to Meloxicam from NIST14 (Delta Mass:29.974)'","related spectra of 'spectral match to meloxicam from nist14 (delta mass:29.974)'","meloxicam","Drug_analog","nonsteroidal anti-inflammatory drug","rheumatology|neurology/psychiatry","osteoarthritis|rheumatoid arthritis"
"323","CCMSLIB00012725264",12573,"related spectra of 'Spectral Match to Quetiapine from METLIN (Delta Mass:-44.026)'","related spectra of 'spectral match to quetiapine from metlin (delta mass:-44.026)'","quetiapine","Drug_analog","atypical antipsychotic","neurology/psychiatry","schizophrenia|bipolar disorder"
"324","CCMSLIB00012725267",13403,"related spectra of 'Spectral Match to Quetiapine from METLIN (Delta Mass:13.98)'","related spectra of 'spectral match to quetiapine from metlin (delta mass:13.98)'","quetiapine","Drug_analog","atypical antipsychotic","neurology/psychiatry","schizophrenia|bipolar disorder"
"325","CCMSLIB00012725291",15881,"related spectra of 'Spectral Match to Terbinafine from NIST14 (Delta Mass:15.995)'","related spectra of 'spectral match to terbinafine from nist14 (delta mass:15.995)'","terbinafine","Drug_analog","allylamine antifungal","infectious disease","tinea pedis|tinea cruris|tinea corporis"
"326","CCMSLIB00012725299",20330,"related spectra of 'Spectral Match to Valsartan from NIST14 (Delta Mass:-18.011)'","related spectra of 'spectral match to valsartan from nist14 (delta mass:-18.011)'","valsartan","Drug_analog","angiotensin II receptor blocker","cardiology|nephrology","hypertension|congestive heart failure|chronic kidney disease|diabetic nephropaty"
"327","CCMSLIB00012725347",16536,"related spectra of 'VALSARTAN (Delta Mass:15.995)'","related spectra of 'valsartan (delta mass:15.995)'","valsartan","Drug_analog","angiotensin II receptor blocker","cardiology|nephrology","hypertension|congestive heart failure|chronic kidney disease|diabetic nephropaty"
"328","CCMSLIB00012725365",12448,"related spectra of '[putative] omeprazole sulfide 5-carboxylic acid (Delta Mass:-13.98)'","related spectra of '[putative] omeprazole sulfide 5-carboxylic acid (delta mass:-13.98)'","omeprazole sulfide 5-carboxylic acid","Drug_analog","proton pump inhibitor","gastroenterology","gastroesophageal reflux disease (GERD)|Zollinger-Ellison syndrome|peptic ulcer disease (PUD)"
"329","CCMSLIB00012725369",8449,"related spectra of 'abacavir (Delta Mass:13.98)'","related spectra of 'abacavir (delta mass:13.98)'","abacavir","Drug_analog","HIV nucleoside analog reverse transcriptase inhibitor (HIV NRTI)","infectious disease","human immunodeficiency virus (HIV-1)"
"330","CCMSLIB00012725373",6366,"related spectra of 'abacavir (Delta Mass:176.032)'","related spectra of 'abacavir (delta mass:176.032)'","abacavir","Drug_analog","HIV nucleoside analog reverse transcriptase inhibitor (HIV NRTI)","infectious disease","human immunodeficiency virus (HIV-1)"
"331","CCMSLIB00012725392",15976,"related spectra of 'amprenavir (Delta Mass:-88.053)'","related spectra of 'amprenavir (delta mass:-88.053)'","amprenavir","Drug_analog","HIV protease inhibitor","infectious disease","human immunodeficiency virus (HIV-1)"
"332","CCMSLIB00012725392",21956,"related spectra of 'amprenavir (Delta Mass:-88.053)'","related spectra of 'amprenavir (delta mass:-88.053)'","amprenavir","Drug_analog","HIV protease inhibitor","infectious disease","human immunodeficiency virus (HIV-1)"
"333","CCMSLIB00012725405",12572,"related spectra of 'buspirone (Delta Mass:15.995)'","related spectra of 'buspirone (delta mass:15.995)'","buspirone","Drug_analog","anxiolytics","neurology/psychiatry","generalized anxiety disorder (GAD)"
"334","CCMSLIB00012725421",14425,"related spectra of 'cyclobenzaprine (Delta Mass:176.032)'","related spectra of 'cyclobenzaprine (delta mass:176.032)'","cyclobenzaprine","Drug_analog","muscle relaxant","neurology/psychiatry","muscle spasms"
